Title,Year,Directors
1921 / AYIRATHI THOLLAYIRATHI,1989,I.V. SASI
22nd JUNE 1897,1979,"NACHIKET, JAYU PATWARDHAN"
27 DOWN,1973,AVTAR KAUL
36 CHOWRINGHEE LANE,1981,APARNA SEN
A.B. SEE,1986,ARUN GONGADE
AABHIJATHAYAM,1971,A. VINCENT
AADMI AUR AURAT,1984,TAPAN SINHA
AADYA KIRANGAL,1965,P. BHASKARAN
AAG,1948,RAJ KAPOOR
AAGHAAT,1985,GOVIND NIHALANI
AAGOSH,1953,R.D. MATHUR
AAH,1953,RAJA NAWATHE
AAI KUNA MHANU MEE,1965,DATTA MANE
AAJ AUR KAL,1963,VASANT JOGLEKAR
AAJ KAL PARSUR GALPA,1981,NABYENDU CHATTERJEE
AAKASH DOOTHU,1993,SIBI MALAYIL
AAKHRI DAO,1958,MAHESH KAUL
AAKROSH,1980,GOVIND NIHALANI
AALAYAM,1967,THIRUMALAI & MAHALINGAM
AAMHI JATO AMUCHYA GAVA,1968,KAMALAKAR TORNE
AANA VALARTHIYA VANAMPADI,1960,SUBRAMANIAM
AANCHAL KE PHOOL,1968,KARONESH THAKUR
AANGAN KI KALI,1979,HARSH KOHLI
AANKHEN,1993,DAVID DHAVAN
AANKHON MEIN TUM HO,1997,ASHIM SAMANTA
AAROHI,1964,TAPAN SINHA
AASHA,1958,M.V. RAMAN
AASHIRWAD,1969,HRISHIKESH MUKHERJEE
AASMAN MAHAL,1965,K.A. ABBAS
AAYIRAM THALAI VANGI APOORVA CHINTAMANI,1947,T.R. SUNDARAM
AB DILLI DOOR NAHIN,1957,AMAR KUMAR
ABACHURENA POST OFFICE,1973,N. LAKSHMINARAYAN
ABARTAN / ON THE RUN,1993,BHABENDRANATH SAIKIA
ABHAR ARANYE / IN THE FOREST… AGAIN,2003,GOUTAM GHOSH
ABHAYAM / SHELTER,1991,SIVAN
ABHIMAN,1973,HRISHIKESH MUKHERJEE
ABHIMAN,1957,MAHESH KAUL
ABHIMANYU,1948,A. KASILINGAM
ABHOYA O SRIKANTA,1965,HARIDAS BHATTACHARJEE
ABOLI,1953,ANANT MANE
ACCHA BURA,1972,MOHD. HUSSAIN
ACCIDENT,1984,SHANKAR NAG
ACHAMILLAI ACHAMILLAI,1984,K. BALCHANDER
ACHAN PATTALAM,1991,NORANADU RAMACHANDRAN
ACHANAK,1973,GULZAR
ACHANUM BAPPAYUM,1972,K.S. SETHUMADHAVAN
ADALAT O EKTI MEYE,1981,TAPAN SINHA
ADAMINTE VARIYELLU,1984,K.G. GEORGE
ADARSHA KUTUMBAM,1969,K. PRATYAGATMA
ADHARSHILA,1982,ASHOK AHUJA
ADHIKAR,1954,MOHAN SEHGAL
ADHIKAR,1971,DINKAR D. PATIL
ADHYAPIKA,1968,P. SUBRAMANYAM
ADI MIMANSA,1991,A.K. BIR
ADI SHANKARACHARYA,1983,G.V. IYER
ADIMAGAL,1969,K.S. SETHUMADHAVAN
ADINA MEGHA,1969,AMIT MOITRA
ADVENTURES OF A SUGAR DOLL,1965,KANTILAL RATHOD
ADWITIYA,1968,NABYENDU CHATTERJEE
AFTER THE ECLIPSE,1967,S. SUKHDEV
AFTER THE SILENCE,1977,S. SUKHDEV
AGANTUK,1991,SATYAJIT RAY
AGNI,1978,C. RADHAKRISHNAN
AGNI BANYA,1964,JAYADRATH
AGNI KANKAN,1932,V. SHANTARAM
AGNISAKSHI,1998,SHYAMPRASAD
AGNISNAAN,1985,BHABENDRANATH SAIKIA
AGRAHARATHIL KAZHUTHAI,1977,JOHN ABRAHAM
AHALYA (WHAT THE SILENCE SAID....),1997,BIJOY KETAN MISHRA
AIMING HIGH,1942,EZRA MIR
AJANA SAPATH,1967,SALIL SEN
AJEEB GHAR,2000,RAJESH AGGARWAL
AJI BAS SHUKRIYA,1958,MOHAMMED HUSSAIN
AJNABEE,2001,ABBAS MUSTAN
AKALER SANDHANEY / IN SEARCH OF FAMINE,1980,MRINAL SEN
AKASH GANGA,1959,BHALJI PENDHARKAR
AKASH KUSUM,1965,MRINAL SEN
AKBAR,1967,SHANTI S. VARMA
AKRAMANA,1979,GIRISH KASARAVALLI
ALAYAMANI,1962,K. SHANKAR
ALAYARON,1986,JWNGDAO BODOSA
ALBERT PINTO KO GUSSA KYON AATA HAI,1980,SAEED MIRZA
ALICINTE ANWESHANAM,1990,T.V. CHANDRAN
ALIF LAILA,1953,K. AMARNATH
ALKOOTATHIL THANIYE,1984,I.V. SASI
ALL INDIA RADIO,1942,EZRA MIR
ALL UNDER HEAVEN BY FORCE,1964,J.B.H. WADIA & ZUL VELANI
ALTHARA,1964,P. SUBRAMANYAM
ALWAYS TELL YOUR WIFE/MIYA BIBI,1936,FRANZ OSTEN
AMANAT,1955,ARBIND SEN
AMANUSH,1975,SHAKTI SAMANTA
AMAR,1955,MEHBOOB KHAN
AMAR BHUVAN / SWADESH,2002,MRINAL SEN
AMAR DEEP,1958,T. PRAKASH RAO
AMAR DEEPAM,1956,T. PRAKASH RAO
AMAR LENIN,1970,RITWIK GHATAK
AMAR PREM,1971,SHAKTI SAMANTA
AMAR RAHE YE PYAR,1961,PRABHU DAYAL
AMAR RAJ,1946,HOMI WADIA
AMAR SAIGAL / IMMORTAL SINGER,1955,NITIN BOSE
AMARSINGH RATHAUR,1957,JASWANT JHAVERI
AMBALAPRAVU,1970,P. BHASKARAN
AMBER,1952,JAYANT DESAI
AMBIKAPATHY,1937,P. NEELAKANTHAN
AMIR KHAN,1931,SHINDE
AMIRI,1945,P.C. BARUA
AMMA ARIYAN,1986,JOHN ABRAHAM
AMRAPALI,1966,LEKH TONDON
AMRIT MANTHAN,1934,V. SHANTARAM
AMRIT MANTHAN,1934,V. SHANTARAM
AMRITA SHERGIL,1969,B.D. GARGA
AMSHINI,1987,KISHAN KARTHA
ANAAHAT / ETERNITY,2003,AMOL PALEKAR
ANAL,1999,PARAMANANDA RAJBONGSHI
ANAMIKA,1973,RAGHUNATH JHALANI
ANAND,1970,HRISHIKESH MUKHERJEE
ANAND ASHRAM,1977,SHAKTI SAMANTA
ANANTARAM,1989,ADOOR GOPALAKRISHNAN
ANANTYATRA,1985,NACHIKET PARTWARDHAN
ANARI,1959,HRISHIKESH MUKHERJEE
ANARKALI,1955,VEDANTAM RAGHAVAIAH
ANBE VAA,1967,A.C. TRILOGCHANDER
AND I MAKE SHORT FILMS,1968,S.N.S. SHASTRY
AND MILES TO GO,1964,S. SUKHDEV
ANDAZ APNA APNA,1994,RAJKUMAR SANTOSHI
ANDHA NALL / THAT DAY,1954,S. BALACHANDER
ANDHI GALI,1985,ARUN KAUL
ANDOLAN,1951,PHANI MUJUMDAR
ANGARAKSHAK,1995,RAVI RAJA
ANGELS OF INDIA,1942,EZRA MIR
ANGOOR,1982,GULZAR
ANHONEE,1952,K.A. ABBAS
ANIRBAN,1981,BHABENDRANATH SAIKIA
ANIRIKSHITA,1970,B. NAGESH BABA
ANJALI,1990,MANI RATHNAM
ANJUMAN,1986,MUZAFFAR ALI
ANKAHEE,1984,AMOL PALEKAR
ANKHIYON KE ZHAROKONSE,1978,HIREN NAG
ANKUR,1974,SHYAM BENEGAL
ANKUSH,1986,N. CHANDRA
ANNAIYUM PITHAVUM,1959,KRISHANM PANJU
ANNAMAYA,1997,RAGHAVENDRA RAO
ANOKHA PYAR,1948,M.I. DHARAMSEY
ANOKHI RAAT,1968,ASIT SEN
ANTARDHAN,1992,NABAKUMAR CHANDRA & SWAPAN MITRA
ANTAREEN / THE CONFINED,1993,MRINAL SEN
ANTARIKSHA,1954,RAJAN TARAFDAR
"ANTARJALI YATRA / VOYAGE BEYOND, THE",1987,GAUTAM GHOSH
ANTASTULU,1965,V. MADHUSUDHANA RAO
ANU,1998,SATARUPA SANYAL
ANUBHAV,1971,BASU BHATTACHARYA
ANUBHAVANGAL PALICHAKAL,1971,K.S. SETHUMADHAVAN
ANUBHAVI RAJA ANUBHAVI PRAJA,1967,K. BALCHANDER
ANUPAMA,1966,HRISHIKESH MUKHERJEE
ANURADHA,1960,HRISHIKESH MUKHERJEE
ANURAG,1972,SHAKTI SAMANTA
ANVESHICHU KANDATIYILLA,1967,P. BHASKARAN
ANYA SWAPNA,2002,ASHOKE VISWANATHAN
ANYARUDE BHOOMI,1979,NILAMBUR BALAN
APANA HATH JAGANATH,1960,MOHAN SEHGAL
APANJAN,1968,TAPAN SINHA
APARADHI KAUN,1957,ASIT SEN
APARNA,1981,PADMA KUMAR
APAROOPA,1981,JAHNU BARUA
APNE HUYE PARAYE,1964,AMIYA CHAKRABORTY
APOORVA RAGANGAL,1975,K. BALCHANDER
APOORVA SAHODARAGAL / STRANGE BROTHERS,1949,T.G. RAGHAVACHARYA
APOSTLE OF THE INDIES,1965,T.A. ABRAHAM
18-Apr,1982,BALCHANDRA MENON
APUR SANSAR,1959,SATYAJIT RAY
ARANAZHIKANERAM,1970,K.S. SETHUMADHAVAN
ARANGETRAM,1973,K. BALCHANDER
ARANYA,1971,SAMARENDRA NARAYAN DEB
ARANYER DIN RATRI,1970,SATYAJIT RAY
ARASILANKUMARI,1961,A.S.A. SAMI
ARCHANA,1966,K.S. SETHUMADHAVAN
ARDH SATYA,1983,GOVIND NIHALANI
ARDHANGI,1940,MASTER VINAYAK
ARDHANGI,1955,P. PULLIAH
ARDHANGINI,1959,AJIT CHAKRAVARTY
ARMS FROM INDIA,1941,EZRA MIR
AROGYANIKETAN,1967,BIJOY BOSE
AROHAN,1982,SHYAM BENEGAL
AROODHAM,1983,I.V. SASI
AROUND THE WORLD,1967,PACHHI
ARTH,1983,MAHESH BHATT
ARUNAGIRI NATHAR,1964,RAMANNA
ARUNDHATI,1967,P.K. SEN GUPTA
ARVIND DESAI KI AJEEB DASTAN,1978,SAEED MIRZA
ARZOO,1950,SHAHEED LATIF
ASAI MAGAN,1953,G.R. RAO
ASHANI SANKET,1973,SATYAJIT RAY
ASHICH EK RAATRA HOTI,1971,ANANT MANE
ASHWAMEDHAM,1967,A. VINCENT
ASLI NAQLI,1962,HRISHIKESH MUKHERJEE
ASOKA,2001,SANTOSH SIVAN
ASOOKH,1998,RITUPARNO GHOSH
ASTHIKAL POOKKUNNU / AND BONES DO ...,1988,P. SHRI KUMAR
ASTITVA,2000,MAHESH MANJAREKAR
ASWATHAMA,1978,K.R. MOHANAN
ATANKA / TERROR,1986,TAPAN SINHA
ATHYEY KANGAL,1967,THIRULOK ATISHBAAZ
ATITHI,1965,TAPAN SINHA
ATITHI,1978,ARAVIND SEN
ATITHI,2001,P. SHESHADRI
ATMA BANDHUVU,1962,P.S. RAMAKRISHNA RAO
ATMAJA,1998,RAJKUMAR JAIN
ATMASAKHI,1952,G.R. RAO
ATYACHAR,1978,C.P. SHARMA
AURAT,1940,MEHBOOB KHAN
AURAT,1953,BHAGWANDAS VARMA
AURAT,1967,S.S. VASAN / S.S. BALAN
AURORA FILM NEWS 48,1962,NA
AURORA FILM NEWS 49,1963,NA
AURORA FILM NEWS 50,NA,NA
AVAKASHI,1954,ANTHONY MITHRADAS
AVAL APPADITHAN,1978,C. RUDRAIH
AVAL ORU THODARKATHAI,1975,K. BALCHANDER
AVARGAL,1977,K. BALCHANDER
AVASTHE,1987,KRISHNA MASADI
AVE KALLU,1967,A.C. TRILOGCHANDER
AVGHACHI SANSAR,1960,ANANT MANE
AVVAIYAR,1953,S.S. VASAN
AW AAKARE AA,2003,SUBAS DAS
AWARA,1951,RAJ KAPOOR
AYODHYA KA RAJA,1932,V. SHANTARAM
AZAD,1940,N.R. ACHARYA
AZHIYATHA KOLANGAL,1979,BALU MAHENDRA
BAAP RE BAAP,1955,A.R. KARDAR
BABLA,1951,AGRADOOT
BADAL,1966,ASPI
BADI BAHEN,1949,D.D. KASHYAP
BADNAM BASTI,1971,PREM KAPOOR
BADSHAH,1963,AGRADOOT
BADSHAH,1954,AMIYA CHAKRABORTY
BAGH BAHADUR,1989,BUDHADEV DASGUPTA
BAGHA JATIN,1958,HIRONMOY SEN
BAGHBAN,1938,A.R. KARDAR
BAGHDAD GAJA DONGA,1968,YOGANAND
BAGHI,1953,ANANT THAKUR
BAHADUR DAKU,1965,JUGAL KISHORE
BAHAR,1951,M.V. RAMAN
BAHARON KE SAPANE,1967,NASIR HUSSAIN
BAHIRJI NAIK,1943,BHALJI PENDHARKAR
BAHUT DIN HUWE,1954,S.S. VASAN
BAI,1985,SUMITRA BHAVE
BAIJU BAWARA,1952,VIJAY BHATT
BAIKO MAHERI JATE,1963,RAJA PARANJPE
BAKSHA BADAL,1965,NITYANANDA DUTTA
BALA,1976,SATYAJIT RAY
BALAM,1949,HOMI WADIA
BALANAGAMMA,1959,VEDANTAM RAGHAVAIAH
BALARAJU,1948,G. BALARAMAIAH
BALIKA BODHU,1967,TARUN MAJUMDAR
BAMBAI KA BABU,1960,RAJ KHOSLA
BAMBAI RAAT KI BAHO MAIN,1967,K.A. ABBAS
BAMBAIWALI,1941,HOMI WADIA
BAMBOO FLUTE / BIRAH BHARAYO GHAR AANGAN KOLE,1999,KUMAR SHAHANI
BANANI,1989,JAHNU BARUA
BANCHARAMER BAGAN,1980,TAPAN SINHA
BANDHAN,1940,N.R. ACHARYA
BANDHI POTU / VEERA KESARI,1963,B. VITHALACHARYA
BANDHU,1958,CHITTA BOSE
BANDIE,1978,ALO SIRCAR
BANDINI,1963,BIMAL ROY
BANDISH,1955,SATYEN BOSE
BANDIT QUEEN,1992,SHEKHAR KAPOOR
BANGA DARSHAN,1931,WILLIAM J. MOYLAN
BANGARDA HOOVU,1967,B.A. ARASUKUMAR
BANGARU PAPA,1956,B.N. REDDY
BANKER MARGAYYA,1983,T.S. NAGABHARANA
BANNADA VESHA,1988,GIRISH KASARAVALLI
BAPU KI ANTIM YATRA,1948,MOTWANE MOTION PICTURES
BARA,1980,M.S. SATHYU
BARIWAALI,1999,RITUPARNA GHOSH
BARSAT,1949,RAJ KAPOOR
BASHEER THE MAN,1987,M.A. RAHIMAN
BATON BATON MEIN,1979,BASU CHATTERJEE
BAWARCHI,1972,HRISHIKESH MUKHERJEE
BAZAAR,1949,K. AMARNATH
BAZAAR,1982,SAGAR SARHADI
BEDAAG,1965,R. BHATTACHARYA
BEES SAAL BAAD,1962,BIREN NAG
BEETE DIN,1947,EZRA MIR
BEHIND THE BREAD-LINE,1974,S. SUKHDEV
BELOVED / SAJANI,1947,B.R. MUDNANEY
BENAZIR,1964,S. KHALIL
BENGAL FAMINE,1943,BIMAL ROY
BENGAL KI PUKAR,1943,BIMAL ROY
BEQASOOR,1950,K. AMARNATH
BETAABI,1997,RAJESH SINGH
BETTADA HOOVU,1985,N. LAKSHMINARAYAN
BETTADA HULI,1965,A.V. SHESHAGIRI RAO
BETTADA KALLA,1957,S.M.S. NAIDU
BEWAFA,1952,M.L. ANAND
BEWAQOOF,1960,I.S. JOHAR
BHABHI,1938,FRANZ OSTEN
BHABHI,1957,KRISHNAN & PANJU
BHADRAKALI,1976,TRILOKCHANDER
BHAGAPIRIVINAI,1959,A. BHIMSINGH
BHAGINI NIVEDITA,1962,BIJOY BASU
BHAGWAN SHRI KRISHNA CHAITANYA / CHAITANYA MAHAPRABHU,1954,DEBAKI BOSE
BHAGWAN SHRI RAMKRISHNA,1955,PRAFULLA CHAKRABORTY
BHAGYA REKHA,1957,B.N. REDDI
BHAGYAVATI,1957,L.V. PRASAD
BHAI BHAI,1956,M.V. RAMAN
BHAIJAN,1945,S. KHALIL
BHAKTA DHRUBA,1949,SATYENDRA NATH DEY & KAZI NAZRUL ISLAM
BHAKTA DHRUVA,1947,SHANTI KUMAR
BHAKTA KANAKADASA,1960,Y.R. SWAMI
BHAKTA KE BHAGWAN,1934,DADA GUNJAL
BHAKTA KUCHELA,1961,P. SUBRAMANYAM
BHAKTA PRAHLAD,1967,CH. NARAYANAMURTHY
BHAKTA SURDAS,1942,CHATURBHUJ DOSHI
BHAKTA SURDAS,1947,SHANTI DAVE
BHAKTA VIJAYA,1956,ARURU PATTABHI
BHALE AMMAYILU,1957,VEDANTAM RAGHAVAIAH
BHARAT BHET,1942,VIJAY BHATT
BHARAT KE SHAHEED,1972,VISHRAM BEDEKAR
BHARAT MILAP,1942,VIJAY BHATT
BHARAT NATYAM,1944,BHASKAR RAO
BHARATHAM,1991,SIBI MALAYIL
BHARATHI,2000,GNANA RAJASEKARAN
BHARGAV NILAYAM,1964,A. VINCENT
BHAROSA,1963,K. SHANKAR
BHARYA BARTULU,1961,K. PRATYAGATMA
BHAUBEEJ,1955,RAJAN KUMAR
BHAVANI BHAVAI,1980,KETAN MEHTA
BHAVANTARANA,1991,KUMAR SHAHANI
BHAVUM / EMOTIONS,2002,SATISH MENON
BHISHMA,1942,JYOTISH BANNERJEE
BHOOKAILAS / GOKARNA MAHABALESHWAR,1940,SUNDERRAO NADKARNI
BHOOKH,1947,SAFDAR AAH
BHOOMI GEETHA,1997,KESARI HARVOO
BHOOTHAKKANNADI,1997,LOHITHADAS
BHOPAL GAS,1986,S. MULAY & TAPAN BOSE
BHRANTI BILAS,1963,MANU SEN
BHUKAILASA,1958,K. SHANKAR
BHUKAILASA,1958,K. SHANKAR
BHULOKA RAMBHA,1958,YOGANAND
BHUMIKA,1977,SHYAM BENEGAL
BHUTAN,1971,PRAMOD PATI
BHUVAN SHOME,1969,MRINAL SEN
BICHARAK,1959,PRABHAT MUKHERJEE
BIDYAPATI,1937,DEBAKI BOSE
BIPLABI KSHUDIRAM,1951,HIRONMOY SEN
BISARJAN,1974,BIRESWAR BOSE
BISWA PRAKASH / THE YOUNG REBEL,1999,SUSANT MISHRA
BLACK DIAMONDS,1943,KRISHNA GOPAL
BLOMBA SARDAR,1983,NRIPEN GANGULI
BOBBY,1973,RAJ KAPOOR
BODHU,1962,BHUPEN ROY
BOMBAY OUR CITY / HAMARA SHAHAR,1985,ANAND PATWARDHAN
BOOT POLISH,1954,PRAKASH ARORA
BOTTELED CANNIBALS,1978,"V.G. SAMANT, S. PAVALLEGS"
BRAHMACHARI,1938,MASTER VINAYAK
BREATHLESS,1999,SANJAY T. SAHARE
BRICK LAYING,1922,D.G. PHALKE
"BROWN DIAMOND, THE",1967,S. KRISHNASWAMY
BUB,2001,JYOTI SARUP
BUDDHIMAN BALWAN,1940,K.S. MANI
BURMA RANI,1944,T.R. SUNDARAM
BURNING TRAIN,1980,RAVI CHOPRA
BUZDIL,1951,SHAHEED LATIF
C.I.D.,1955,M. KRISHNAN NAIR
CALCUTTA ' 71,1972,MRINAL SEN
CANNANORE DELUXE,1969,A.B. RAJ
CARNIVAL QUEEN,1955,NOSHIR ENGINEER
CARVAN,1971,NASIR HUSSAIN
CATECHIST OF KIL-ARNI,1930,RAGHUPATHY PRAKASH
CAUTION,1998,SAVINDAR SOWHNEY
CENTURY OF CINEMA / AND THE SHOW GOES ON,1996,MRINAL SEN
CHAANI,1977,V. SHANTARAM
CHAAYAM,2003,BIJU C. KANNAN
CHACHA ZINDABAD,1959,OM PRAKASH
CHAKORI,1949,RAM NARAYAN DUBE
CHAKORI / SHART,1992,SUMITRA BHAVE & SUNIL SUKHATANKAR
CHAKRA,1980,RABINDRA DHARMARAJ
CHAKRA THEERTHA,1967,P. SHIVARAM
CHAKRADHARI,1954,RAMAN B. DESAI
CHALA MURARI HERO BAN-NE,1977,ASRANI
CHAMELI MEMSAHIB,1978,INDERSEN
CHAND SAUDAGAR,1934,PRAFULLA ROY
CHANDA AUR BIJLE,1969,ATMARAM
CHANDAVALLIYA TOTA,1964,T.V. SINGH THAKORE
CHANDI RANI,1953,P. BHANUMATI
CHANDIDAS,1932,DEBAKI BOSE
CHANDRALEKHA,1948,S.S. VASAN
CHANDRALEKHA,1948,S.S. VASAN
CHANDRALEKHA(SV),1948,S.S. VASAN
CHANDRASENA,1935,V. SHANTARAM
CHANGING FACE OF INDIA,1942,EZRA MIR & BHASKAR RAO
CHANN PARDESI,1980,CHITRARATH SINGH
CHAPPA,1982,P.A. BACKER
CHAR ADHYAY,1997,KUMAR SHAHANI
CHAR DIL CHAR RAHEN,1959,K.A. ABBAS
CHAR DIVAS SASUCHE CHAR DIVAS SUNECHE,1962,KAMLAKAR TORNE
CHAR DIWARI,1961,KRISHAN CHOPRA
CHARA CHAR,1993,BUDHADEV DASGUPTA
CHARULATA,1964,SATYAJIT RAY
CHASHME BUDDOOR,1981,SAI PARANJPE
CHATRA BAKAVLI,1932,J.J. MADAN
CHATRAPATI SHIVAJI,1952,BHALJI PENDHARKAR
CHATTAKKARI,1974,K.S. SETHUMADHAVAN
CHATTAMBI KALYANI,1975,SASIKUMAR
CHATTAMBI KAVALA,1969,N. SHANKARAN NAIR
CHAUDHVI KA CHAND,1960,M. SADIQ
CHAUKAT RAJA,1991,SANJAY SURKAR
CHAURAHA,1994,SADAVAT HUSSENI
CHELUVI,1992,GIRISH KARNAD
CHEMMEEN,1965,RAMU KARIAT
CHEMPARATHI,1972,P.N. MENON
CHENGHIZ KHAN,1957,KEDAR KAPOOR
CHERIYACHENTE KROORA KRITHYANGAL,1979,JOHN ABRAHAM
CHHATRABHANG,1976,NEENA SHIVADASANI
CHHATRAPATI SAMBHAJI,1934,P.Y. ALTEKAR
CHHATRAPATI SHIVAJI,1952,BHALJI PENDHARKAR
CHHATRAPATI SHIVAJI,1952,BHALJI PENDHARKAR
CHHELEY KAAR,1954,CHITTA BOSE
CHHOTA BAAP,1977,SHANTILAL SONI
CHHOTI BAHEN,1959,L.V. PRASAD
CHHOTI SI BAAT,1975,BASU CHATTERJEE
CHHUPI CHHUPI ASHEY,1960,PREMENDRA MITRA
CHHUTI,1966,ARUNDHATI DEVI
CHIDAMBARAM,1985,G. ARAVINDAN
CHILDREN OF THE SILVER SCREEN,1990,DILIP GHOSH
CHILIKA TEERE,1978,BIPLAB ROY CHAUDHARI
CHINA TOWN,1962,SHAKTI SAMANTA
CHINNAIMUL PERIAMUL,1981,RAJMOHAN
CHINNARI MUTHA,1993,T.S. NAGABHARANA
CHINTAMANI,1937,Y.V. RAO
CHINTHAVISHTAVAYA SHYAMALA,1999,VENU
CHIRANJIVI,1936,K.P. BHAVE
CHIT CHOR,1976,BASU CHATTERJEE
CHITHEGU CHINTHE,1978,M.S. SATHYU
CHITTI CHELLALU,1970,M. KRISHNAN
CHOKH,1982,UTPALENDU CHAKRABORTY
CHOMANA DUDI,1975,B.V. KARANTH
CHOONDA,2003,VENUGOPAN
CHOPPER,1985,NABYENDU CHATTERJEE
CHOR MACHAYE SHOR,1974,ASHOK ROY
CHORE,1950,A.P. KAPOOR
CHORI CHORI,1956,ANANT THAKUR
CHORICHA MAMLA,1976,BABASAHEB S. FATEHLAL
CHORUS,1974,MRINAL SEN
CHOTA BHAI,1949,KARTICK CHATTOPADHYAY
CHOWRINGHEE,1968,PINAKI MUKHERJEE
CHUVANNA VITHUKAL,1976,P.A. BACKER
CIRCUSWALE,1950,BALWANT BHATT
CITRUS CULTIVATION,1960,KRISHNA KAPIL
CITY ON THE WATER,1975,CHARLES CHOREA
CIVIL PIONEERS,1942,KENNETH VILLIERS
CLOSE TO NATURE,1968,SHYAM BENEGAL
CLOVEN HORIZON,1965,KANTILAL RATHOD
COLLECTOR MALATHI,1967,M. KRISHNAN NAIR
COLLEGE GIRL,1960,T. PRAKASH RAO
COLORS OF ABSENCE,1994,ARUN KHOPKAR
COMET / DHOOMKETU,1949,HOMI WADIA
COMMUNITY MANNERS,1942,G.R. SETHI
CONCRETE,1942,EZRA MIR
CREATIONS IN METALS,1971,HOMI D. SETHNA
CROSS CURRENTS,1969,DILIP JAMDAR
CROW AND THE SNAKE,1968,M.B. NAYA
D.G. PHALKE FILMS (EXT.),1965,D.G. PHALKE
DAAG / THE FIRE,1999,DEEPA MEHTA
DAAKAL,1981,GAUTAM GHOSH
DAASI,1944,HIREN BOSE
DAASI,1988,B. NARSINGA RAO
DADA THAKUR,1962,SUDHIR MUKHERJEE
DADAR KIRTI,1980,TARUN MAJUMDAR
DADU,1968,AJIT GANGULI
DAHAM,1965,K.S. SETHUMADHAVAN
DAHAN,1997,RITUPARNO GHOSH
DAIVA PIRAVI,1960,KRISHNAN & PANJU
DAIVATHAI,1964,P. MADHAVAN
DAKSHA YAGNA,1934,JYOTISH BANNERJEE
DAKSHAYAGNAM,1962,K.B. NAGABHUSHNAM
DAKU KA LADKA,1935,CHARU ROY
DAMAN,2000,KALPANA
DAMINI,1992,RAJKUMAR SANTOSHI
DAMUL,1984,PRAKASH JHA
DANCE LIKE A MAN,2003,PAMELA ROOKS
DANGEYEDDA MAKKALU,1979,VADIRAJ
DANY,2001,T.V. CHANDRAN
DAROGAJI,1949,AKHTAR HUSSAIN
DARPAN,1971,A. SUBBA RAO
DARR,1993,YASH CHOPRA
DASAVATHARA,1960,P.G. MOHAN
DASTAAK,1970,RAJINDER SINGH BEDI
DASTAN,1972,B.R. CHOPRA
DEBSHISHU,1987,UTPALENDU CHAKRABORTY
DEEDAR,1951,NITIN BOSE
DEEWAR,1975,YASH CHOPRA
DEKHA,2000,GOUTAM GHOSH
DELHI JUNCTION,1958,MOHD. HUSSAIN
DELHI KI KAHANIYA,1960,RAJENDRA KUMAR
DEMON LAND/VETHALA ULAGAM,1948,A.V. MEIYAPPAN
DESAMANTE MANASULOI,1970,C.S. RAO
DEV,2004,GOVIND NIHALANI
DEVAKI NANDAN GOPALA,1977,RAJ DUTT
DEVAR,1966,MOHAN SEHGAL
DEVARAKADU,1993,PATTABHIRAMA REDDY
DEVATA,1978,S. RAMANATHAN
DEVATA,1956,PATTANNA
DEVDAS,1956,BIMAL ROY
DEVDAS,1953,VEDANTAM RAGHAVAIAH
DEVDAS,2002,SANJAY LEELA BHANSALI
DEVI,1960,SATYAJIT RAY
DEVI,1972,K.S. SETHUMADHAVAN
DEVI CHOUDHURANI,1974,DINEN GUPTA
DEVIMALINI,1955,NIREN LAHIRI
DHAAI AKSHAR PREM KE,2000,RAJ KANWAR
DHARAM KARAM,1975,RANDHIR KAPOOR
DHARANIMANDALA MADHYADOLAGE,1983,PUTTANA KANAGAL
DHARATICHI LEKARE,1965,NEELKANTH MAGDUM
DHARAVI / QUICKSAND,1991,SUDHIR MISHRA
DHARMAM TALAI KAKKUM,1963,M.A. THIRUMAGAM
DHARMAPUTRA,1961,YASH CHOPRA
DHARTI KE LAL,1946,K.A. ABBAS
DHOOL KA PHOOL,1959,YASH CHOPRA
DHOOLI,1954,PINAKI MUKHERJEE
DHUMDHADAKA,1985,MAHESH KOTHARE
DHUN,1953,KUMAR
DIAMOND QUEEN,1940,J.B.H. WADIA
DIARY OF A HOUSE WIFE,2002,VINOD SUKUMARAN
DIBA RATRIR KABYA,1970,B. BHOWMICK & N.CHAKRABORTY
DIGAMBARA SWAMIYAR,1950,T.R. SUNDARAM
DIKKATRA PARVATHI,1973,SINGEETHAM SRINIVAS RAO
DIL,1990,INDRAKUMAR ASHOK THAKERIA
DIL CHAHTA HAI,2001,FARHAN AKHTAR
DIL DEKE DEKHO,1959,NASIR HUSSAIN
DIL EK MANDIR,1963,C.V. SRIDHAR
DIL HI TO HAI,1963,P.L. SANTOSHI & C.L. RAWAL
DIL KI PYAAS,1935,J.J. MADAN & SOHRAB KERAWALA
DIL KI RANI,1947,MOHAN SINHA
DIL NE PHIR YAAD KIYA,1967,C.L. RAWAL
DILLAGI,1949,A.R. KARDAR
DILWALE,1994,HARRY BAWEJA
DINANTER ALO,1965,MANGAL CHAKRABORTY
DISHA,2000,NANDKUMAR SADAMATE
DISTRICT OFFICER,1942,EZRA MIR & BHASKAR RAO
DIWANA,1992,RAJ KANWAR
DO AANKHEN BARAH HAATH,1957,V. SHANTARAM
DO BIGHA ZAMIN,1954,BIMAL ROY
DO BOOND PANI,1971,K.A. ABBAS
DO DIL,1947,JAGDISH SETHI
DO DULHE,1955,K.J. MAHADEVAN
DO KALIYAN,1968,KRISHNAN & PANJU
DO PHOOL,1958,A.R. KARDAR
DO RAHA,1971,FIROZ CHINOY
DOCTOR,1963,M.S. MANI
DOGHI / TWO WOMEN,1995,SUMITRA BHAVE & SUNIL SUKHATANKAR
DOLI,1947,S.K. OJHA
DOMBARA KRISHNA,1979,H.M.K. MURTHY
DOOJ KA CHAND,1964,NITIN BOSE
DOOMS DAY / ATHYUNNATHANGALIL KOODARAM..,1998,AZEEZ
DOOR GAGAN KI CHAON MEIN,1964,KISHORE KUMAR
DOOR KA RAHI,1971,KISHORE KUMAR
DOOR KA RAHI (REEL NO. 14 ONLY),1971,KISHORE KUMAR
DOORATWA,1978,BUDHADEV DASGUPTA
DOSTI,1965,SATYEN BOSE
DR. BEZ BAROOCH,1969,BROJEN BARUA
DR. CHAKRAVARTHY,1964,A. SUBBA RAO
DR. VIDYA,1960,RAJENDRA BHATIA
DRAUPADI VASTRAPAHARANAM,1936,H.V. BABU
DROHKAAL,1994,GOVIND NIHALANI
DUI PURUSH,1945,SUBODH MITRA
DULHAN EK RAAT KI,1966,DHARM DEV KASHYAP
DUNIYA JHUKTI HAI,1960,J.B.H. WADIA
DUNIYA KA MELA,1974,KUNDAN KUMAR
DUPHANG-NI-SOLO / AN AUTUMN FABLE,1998,PINKY BRAHMA CHOUDHURY
DURGA,1939,FRANZ OSTEN
DURGA,1989,BASU CHATTERJEE
DUS LAKH,1966,DEVENDRA GOEL
DUVIDHA,1973,MANI KAUL
EDUCATION : ONLY HER FUTURE,1999,ARUN GONGADE
EENADU,1982,I.V. SASI
EK BAAR PHIR / ONCE AGAIN,1979,VINOD PANDE
EK BECHARA,1972,S.M. ABBAS
EK DHAGA SUKHACHA,1961,DATTA DHARMADHIKARI
EK DIN ACHANAK,1988,MRINAL SEN
EK DIN KA SULTAN,1945,SOHRAB MODI
EK DIN PRATIDIN,1979,MRINAL SEN
EK DIN RAATRE / JAGTE RAHO,1956,SOMBHU MITRA
EK DO TEEN,1953,ROOP K. SHOREY
EK DUJE KE LIYE,1981,K. BALCHANDER
EK GAON BARA BHANGADI,1968,ANANT MANE
EK JAAN HAIN HUM,1983,RAJIV MEHRA
EK JE CHILO DESH,1976,TAPAN SINHA
EK KHILADI BAWAN PATTE,1972,RAVI KHANNA
EK PAL,1986,KALPANA LAJMI
EK PHOOL CHAR KAANTE,1960,BHAPPI SONIE
EK RUKA HUA FAISLA,1985,BASU CHATTERJEE
EK THA ALIBABA,1963,HARBANS
EK THI LADKI,1949,ROOP K. SHOREY
EKADASHI,1955,DADA GUNJAL
EKAKINI,1975,G.N. PANICKER
EKI ANGE ETO RUP,1965,HARISADHAN DASGUPTA
EKTA JEEV SADASHIV,1975,GOVIND KULKARNI
EKTEE,1968,RAJA THAKUR
EKTI JEEBAN,1987,RAJA MITRA
EKTI KATHA,1936,TULSI LAHIRI
EKTI NADIR NAAM,2002,ANUP SINGH
EKTI RAAT,1956,CHITTA BOSE
ELEVEN O' CLOCK,1949,HOMI WADIA
"ELIPPATHAYAM / RAT TRAP, THE",1981,ADOOR GOPALAKRISHNAN
EMME THAMMANNA,1966,B.R. PANTHULU
EN THANGAI,1952,CH. NARAYANAMURTHY & M.K.R. NAMBIAR
ENGLISH AUGUST,1994,DEV BENEGAL
ENIPPADIKAL,1973,THOPPIL BHASI
ENTE MAMMATTUKUTTIAMMA,1983,FAZIL
ENTE SWANTHAM JANAKI KUTTILU,2000,T. HARIHARAN
ENTE VEEDUAPPOONTEM,2002,SIBI MALAYIL
ESTHEPPAN,1979,G. ARAVINDAN
ETHIR KAALAM,1960,M.S. SOLAIMALAI
ETHIR NEECHAL,1968,K. BALCHANDER
ETHIRPARADHATHU,1954,C.H. NARAYANAMURTHY
"EVENING IN PARIS, AN",1967,SHAKTI SAMANTA
EVEREST,1967,N.S. THAPPA
EXPLORER,1968,PRAMOD PATI
"EXPRESSION,AN",1988,PRAKASH JHA
EZHAI PADUM PADU,1950,K. RAMNATH
EZHUTHATHA KATHA,1970,A.B. RAJ
FACES AFTER STORM,1981,PRAKASH JHA
FAKIRA,1976,C.P. DIXIT
"FAMILY IN BANGALORE,A",1954,PAUL ZILS
FARZ,1967,RAVI NAGAICH
"FATHER'S LOVE, A/ PITRU PREM",1929,HARILAL M. BHATT
"FATHER, SON AND HOLY WAR",1994,ANAND PATWARDHAN
FAULADI MUKKA,1936,R.N. VAIDYA
FIFTY YEARS OF ARYAN CINEMA,1967,SHRINIVAS JOSHI
FIRINGOTI,1991,JAHNU BARUA
FIZA,2000,KHALID MOHAMAD
FOOT PATH,1947,ZIA SARHADY
FOOTPATH,1953,ZIA SARHADY
FORTS AND MEN,1968,PRABHAKAR PENDHARKAR
FRAME WITHIN FRAME,1986,YASH CHOUDHURY
FREEDOM,1992,SHAILA PARALKAR
FROM THE LAND OF BUDDHISM TO THE LAND OF BUDDHA,2000,SHALINI SHAH
FULLESHWARI / PHULESHWARI,1974,TARUN MAJUMDAR
GADAR - EK PREM KATHA,2001,ANIL SHARMA
GAJRE,1948,R.D. MATHUR
GALI MEDALU,1962,B.R. PANTHALU
GALLOPPING GHOST,1943,RAMANLAL DESAI
GALPA HOLEO GOLI,1966,TAPAN SINHA
GALYACHI SHAPATH,1949,R.V. RANE
GAMAN,1978,MUZAFFAR ALI
GAN SUNDARI,1948,F. NAGOOR
GAN SUNDARI,1956,K.S. SETHUMADHAVAN
GANADEVATA,1978,TARUN MAJUMDAR
GANAM,1982,SREEKUMARAN THAMPY
GANASHATRU,1989,SATYAJIT RAY
GANDHI,1981,RICHARD ATTENBPROUGH
GANDHI SE MAHATMA TAK /MAKING OF MAHATMA,1996,SHYAM BENEGAL
GANGA CHILONER PANKHI,1975,PADUM BARUA
GANGA JUMNA,1961,NITIN BOSE
GANGE GOWRI,1967,B.R. PANTHULU
GARAM HAWA,1973,M.S. SATHYU
GARIB KI TOPE / KHUDAI KHIDMATGAR,1937,VITHALDAS PANCHOTIA
GAWAHI,1989,ANANT BALANI
GAYATRI,1973,P.N. MENON
GEET,1944,S.U. SUNNY
GEET GATA CHAL,1975,HIREN NAG
GEETA,1940,P.Y. ALTEKAR
GEETANJALI,1989,MANI RATHNAM
GEETHA GANDHI,1949,K. SUBRAMANYAM
GEJJE POOJE,1970,S.R. PUTTANNA KANAGAL
GHAR KI IZZAT,1948,RAM DARYANI
GHARACHI RANI,1968,RAJ DUTT
GHARAKSHARANGAL,2000,SALIM PADIYATH
GHARANA,1961,S.S. VASAN
GHARONDA,1975,BHIMSAIN
GHATTASHRADDHA,1977,GIRISH KASARAVALLI
GHULAM-E-MUSTHAFA,1997,PARTO GHOSH
GHUNGHAT,1960,RAMANAND SAGAR
GIRIDHAR GOPAL KI MEERA,1949,PRAFULLA ROY
GLIMPSES OF THE INDIAN CINEMA,1967,B.D. GARGA
GLIMPSES OF WEST BENGAL,1966,BANSHI CHANDRA GUPTA
GNANA SOUNDRI,1948,F. NAGOOR & T.R. MAHALINGAM
GODAAN,1963,TRILOK JETLY
GODAM / WAREHOUSE,1983,DILIP CHITRE
GODESS COMES HOME,1964,JAMES BEVERIDGE
"GOLDEN RIVER, THE",1954,P.V. PATHY
GOLLABHAMMA,1941,C. PULLAIAH
GOLMAAL,1979,HRISHIKESH MUKHERJEE
GOONJ UTHI SHEHNAI,1959,VIJAY BHATT
GOOPI GAYEN BAGHA BAYEN,1968,SATYAJIT RAY
GOOPY BAGHA PHIRE ELO,1992,SANDEEP RAY
GOPALUDU BHOOPALUDU,1967,G. VISHWANATHAN
GORAKHNATH,1940,BHALJI PENDHARKAR
GOTAMA THE BUDDHA,1956,RAJBANS KHANNA
GOURI,1993,SIVAPRASAD
GRAHANA,1979,T.S. NAGABHARANA
"GRAND TRUNK ROAD, THE",1942,HENRY BROWN
GRIHADEVATA,1957,MADHAV SHINDE
GRIHAJUDDHA / THE CROSS ROAD,1982,BUDDHADEB DASGUPTA
GRIHAPRAVESHAM,1946,L.V. PRASAD
GRIHASTHI,1948,S.M. YUSUF
GRIHASTHI,1963,KISHOR SAHU
GROW MORE FOOD,1943,BHASKAR RAO
GUDDI,1971,HRISHIKESH MUKHERJEE
GUDI GANTALU,1964,V. MADHUSUDHANA RAO
GUEST HOUSE,1958,RAVINDRA DAVE
GUIDE,1965,VIJAY ANAND
GUL SANOBHAR,1953,ASPI IRANI
GULACHA GANPATI,1953,P.L. DESHPANDE
GUMNAM,1965,RAJA NAWATHE
GUMRAH,1963,B.R. CHOPRA
GUNASAGARI,1953,H.L.N. SINHA
GUNASUNDARI,1955,K. KAMESHWARA RAO
GUNSUNDARI NO GHAR SANSAR,1972,GOVIND SARAIYYA
GYARAH HAZAAR LADKIYAN,1962,K.A. ABBAS
HA MAZA MARG EKLA,1963,RAJA PARANJPE
HAAT BARALEYI BONDHU,1960,SUKUMAR DASGUPTA
HAATHI KA ANDA,2003,ARUN KHOPKAR
HAL TA BHAJEE HALOON,1984,SATRAM ROHRA
HALODIYA CHORAYE BAODHAN KHAYE/CATASTROP,1989,JAHNU BARUA
HAMARA SANSAR,1945,SHANTI KUMAR
HAMARI BETI,1950,SHOBHANA SAMARTH
HAMLET,1954,KISHOR SAHU
HAMRAAZ,1967,B.R. CHOPRA
HAMRAHI,1963,T. PRAKASH RAO
HAMSE GEETHE,1975,G.V. IYER
HANDICRAFTS OF INDIA,1944,BHASKAR RAO
"HANDY MAN, THE",1942,BHASKAR RAO
HANSARAJUDHURANI,1975,AJIT GANGULI
HANUMAN JANMA,1954,RAJA NENE
HAQEEQAT,1964,CHETAN ANAND
HAR HAR GANGE,1978,BABUBHAI MISTRY
HARANO SUR,1957,AJOY KAR
HARISCHANDRA,1943,SARASWATHI
HARISCHANDRA,1943,K. NAGABHUSHANAM
HARISCHANDRA,1957,PHANI BURMA
HARMONIUM,1975,TAPAN SINHA
HASTI,1993,ASHOK GAIKWAD
HATEY BAZAREY,1967,TAPAN SINHA
HATTOGAL VIJAY,1961,BALU DAS
HAWA,2003,GUDDU DHANOA
HAWA MAHAL,1962,RAMESH VYAS
HAZAAR CHAURASI KI MAA,1997,GOVIND NIHALANI
HEERA AUR PATTHAR,1977,VIJAY BHATT
HEERA MOTI,1960,KRISHAN CHOPRA
HEERA PANNA,1973,DEV ANAND
HEERER PRAJAPATI,1968,SANTI CHOUDHARY
HELLO BROTHER,1999,SOHAILKHAN
HILLIMEN GO TO WAR,1943,BHASKAR RAO
HIMALAYAN TAPESTRY,1957,MOHAN BHAVANANI
HINDUSTAN KI KASAM,1973,CHETAN ANAND
HIP HIP HURRAY,1984,PRAKASH JHA
HIRAK RAJAR DESHE,1980,SATYAJIT RAY
HOLI,1983,KETAN MEHTA
HOMO SAPS,1966,G.K. GOKHALE
HOWRAH BRIDGE,1958,SHAKTI SAMANTA
HRIDAYSPARSHI,1998,MAYUR VAISHNAV
HRITHUBEDHAM / RUTHUBHEDAM,1987,PRATAP PONTHAN
HUA SAVERA,1948,KULBHUSHAN AGARWAL
HULCHUL,1951,S.K. OJHA
HUM DIL DE CHUKE SANAM,1999,SANJAY LEELA BHANSALI
HUM DONO,1961,AMARJEET
HUM HAIN RAHI PYAR KE,1993,MAHESH BHATT
HUM KAHAN JA RAHEIN HAIN,1966,NITIN BOSE
HUM KISISE KAM NAHIN,2002,DAVID DHAWAN
HUM NAUJAWAN,1985,DEV ANAND
HUM PANCHHI EK DAL KE,1957,P.L. SANTOSHI
HUM SAB CHOR HAIN,1956,I.S. JOHAR
HUMDARD,1953,S. BHAGAT
HUMLOG,1951,ZIA SARHADY
HUNTERWALI KI BETI,1943,BATUK BHATT
HUSN KA CHOR,1953,J.B.H. WADIA
I AM TWENTY,1967,S.N.S. SHASTRY
"I COULDN'T BE YOUR SON, MOM",2004,SOHINI DASGUPTA
IDD KA TOFFA,1934,SHRI BHARATLAXMI PICTURES
IDD MUBARAK,1960,K.A. ABBAS
IDIOT,1991,MANI KAUL
IJAAZAT,1987,GULZAR
IMAGI NINGTHEM,1981,ARIBAM SYAM SHARMA
IN HOLY CONFLUNANCES,1977,B.N. MEHRA
IN MEMORY OF FRIENDS,1989,ANAND PATWARDHAN
IN THE NAME OF GOD / RAM KE NAAM,1992,ANAND PATWARDHAN
IN WHICH ANNIE GIVES IT THOSE ONES,1988,PRADEEP KRISHNAN
INDIA ARMS FOR VICTORY,1941,KENNETH VILLIERS
INDIA RUBBER,1942,KENNETH VILLIERS
INDIAN NEWS MAGAZINE 370 : BIRDMAN OF BI,1999,SHANKAR PATNAIK
INDIAN SEAMAN DECORATED,1943,JOHN SOMMERFIELD
"INDIAN STORY, AN",1981,TAPAN BOSE
INDIAN THEATRE,1988,JABBAR PATEL
INDIAN WOMEN IN THE 21ST CENTURY,2000,RAGHU KRISHNA
INDIRA,1995,SUHASINI
INDUSTRIAL INDIA,1943,JINARAJ BODHYE
INGEET,1963,TARU MUKHERJEE
INKAR,1977,RAJ N. SIPPY
INNER EYE,1972,SATYAJIT RAY
INQUIRY,1967,CLEMENT BAPTISTA
INSAAF KA TARAZU,1980,B.R. CHOPRA
INSAAN AUR SHAITAN,1970,ASPI IRANI
INSAAN JAAG UTHA,1959,SHAKTI SAMANTA
INSANIYAT,1955,S.S. VASAN
INTERVIEW,1970,MRINAL SEN
IRAKAL,1985,K.G. GEORGE
IRU KODUKAL,1969,K. BALCHANDER
IRUTINTE ATMAVU,1967,P. BHASKARAN
IRUVAR,1997,MANI RATNAM
ISHANOU,1990,ARIBAM SYAM SHARMA
IT RESTED / THALAM DHADHU,1988,M.S. SOUDAMINI
ITIHAAS / EXPLORATION,1995,BHABENDRANATH SAIKIA
ITTEFAQ,1969,YASH CHOPRA
IZZAT,1969,T. PRAKASH RAO
IZZAT KI ROTI,1993,K.PAPPU
IZZATDAAR,1990,K. BAPAIAH
JAAL,1952,GURU DUTT
JAAN PAHECHAN,1950,FALI MISTRY
JAANE BHI DO YARO,1983,KUNDAN SHAH
JABSE TUMHE DEKHA HAI,1963,KEDAR KAPOOR
JADOO KA SHANKH,1975,SAI PARANJPE
JADUBHATTA,1954,NIREN LAHIRI
JAGGA,1964,JUGAL KISHORE
JAGRIHI,1954,HITEN MUZUMDAR
JAGRITI,1954,SATYEN BOSE
JAGTE RAHO,1956,SOMBHU MITRA & AMIT MOITRA
JAI BHAVANI,1947,JAISHANKAR DANVE
JAI MAHAKALI,1951,DHIRUBHAI DESAI
JAI SANTOSHI MAA,1975,VIJAY SHARMA
JAILOR,1938,SOHRAB MODI
JAISE KO TAISA,1966,M.V. KUNTE
JAIT RE JAIT,1977,JABBAR PATEL
JAL-I-JIBON,1959,SWARAJ MITRA
JALAKAM,1986,HARIKUMAR
JALAKANYAKA,1971,M.S. MANI
JALAMARMARAM,1999,T.K. RAJIV KUMAR
JALDEEP,1956,KEDAR SHARMA
"JALSAGHAR / MUSIC ROOM, THE",1958,SATYAJIT RAY
JALTI NISHANI,1932,V. SHANTARAM
JAMAIBABU,1931,KALIPADA DAS
JANA ARANYA,1975,SATYAJIT RAY
JANAK NANDINI,1938,PHANI BARUA
JANAM,1985,MAHESH BHATT
JANAM JANAM KE PHERE,1957,MANOO DESAI
JANANI,1999,RAJEEV NATH
JANETA,1947,F.R. IRANI
JANMABHOOMI,1968,JOHN SHANKARAMANGALAM
JANMATITHI,1957,DILIP MUKHERJEE
JAWANI KI HAWA,1935,FRANZ OSTEN
JAYASIMHAA,1955,YOGANAND
JEET,1949,MOHAN SINHA
JEEVAN,1944,M. SADIQ
JEEVAN NAIYA,1936,FRANZ OSTEN
JEEVANA CHAITHRA,1992,DORAIRAJ BHAGAWAN
JEEVANA SATHI,1963,PRABHAT MUKHERJEE
JEEVANAM SAM,1968,MALLIYAM RAJGOPAL
JEEVIT AAMCHE OXEM,1971,Y.V. RAO
JEEVITHAM / VAZHAKAI,1949,M.V. RAMAN
JEWEL THIEF,1967,VIJAY ANAND
JHANAK JHANAK PAYAL BAAJE,1955,V. SHANTARAM
JHOOLA,1941,GYAN MUKHERJEE
JHOR,1979,UTPAL DUTT
JIBAN MRITYU,1967,HIREN NAG
JIBAN SANGINI,1942,GUNAMAYA BANNERJEE
JIGHANSA,1951,AJOY KAR
JINDAGI KHOOBSURAT HAIN,2002,MANOJ KRISHNAN PANJU
JIS DESH MEIN GANGA BAHATI HAI,1960,RADHU KARMARKAR
JIYO AUR JEENE DO,1982,SHYAM RALHAN
JO JEETA WOHI SIKANDER,1992,MANSOOR KHAN
JOGA JOG,1943,SUSHIL MAJUMDAR
JOGAN,1950,KIDAR SHARMA
JOHAR MAIBAAP,1950,RAM GABALE
JOHNNY,1980,J. MAHENDRAN
JOI BABA FELUNATH,1978,SATYAJIT RAY
JOTUGRIHA,1964,TAPAN SINHA
JOYDEV,1954,PHANI BURMA
JUDGEMENT OF ALLAH,1935,MEHBOOB KHAN
JUGNU,1947,SHAUKAT HUSSIAN RIZVI
JUGNU,1973,PRAMOD CHAKRABORTY
JUKTI TAKKO AAR GAPPO,1974,RITWIK GHATAK
JUNGLE KA SHER (REEL NO. 7 ONLY),1946,HARBANS
JUNOON,1978,SHYAM BENEGAL
KAADU,1972,GIRISH KARNAD
KAADU KUDRE,1978,CHANDRASEKHAR KAMBAR
KAAGAZ KE PHOOL,1959,GURU DUTT
KAALISUNDARAM RAA..,1999,UDAY SHANKAR
KAANAMARAYATHU,1984,I.V. SASI
KABANI NADI CHUVANNAPPOL,1975,P.A. BACKER
KABHI HAAN KABHI NAA,1993,KUNDAN SHAH
KABULIWALA,1956,TAPAN SINHA
KACHA DEVYANI / MRIT SANJIVANEE,1938,DRONAMRAJ B.A.
KACHEHARI,1993,RAVINDRA PEEPAT
KADAL POOKKAL,2000,BHARATHIRAAJA
KADAL THEERATHU,1988,T. RAJEEVNATH
KADALLIKA NERUMILLAI,1964,SRIDHAR
KADALPPALAM,1969,K.S. SETHUMADHAVAN
KADAVU,1991,M.T. VASUDEVAN NAIR
KADU MAKRANI,1960,MANHAR RASKAPUR
KAIKODUTHA DAIVAM,1964,K.S. GOPALAKRISHNAN
KAIREE,1999,AMOL PALEKAR
KAJAL,1965,RAM MAHESHWARI
KAKATHAMPURATI,1970,P. BHASKARAN
KAL AAJ AUR KAL,1971,RANDHIR KAPOOR
KAL HO NA HO,2003,NIKHIL ADVANI
KAL KA AADMI / MAN BEYOND TIME,2000,AMOL PALEKAR
KAL UDAS NA HOGI,1965,S. SUKHDEV
KALA BAZAAR,1960,VIJAY ANAND
KALA PANI,1958,RAJ KHOSLA
KALA PANI,1995,PRIYADARSHAN / MOHANLAL
KALAHANDI,2001,GOUTAM GHOSH
KALAHSTI MAHTYAM,1954,H.L.N. SINHA
KALAM MARINDI,1972,K. VISHWANATH
KALAM VELLUM,1970,M. KARNAN
KALAMANDALAM GOPI,1999,ADOOR GOPALAKRISHNAN
KALANKA BHANJAN,1933,AMAR CHAUDHARY
KALASIVUNTE KALADU SUKHAM,1959,TAPI CHANAKYA
KALATHUR KANNAMMA,1960,A. BHIMSINGH
KALEYUM KAMINIYUM,1963,P. SUBRAMANYAM
KALIYATTAM,1995,JAYARAAJ
KALLOL,1978,ATUL BORDOLOI
KALPANA,1960,RAKHAAN
KALSANDHYA,1997,BHABENDRANATH SAIKIA
KALYUG,1980,SHYAM BENEGAL
KAMAL KE PHOOL,1950,D.D. KASHYAP
KAMLI,1946,S.P. BAKSHI
KAN SIVANTHAL MAN SIVAKKUM,1983,SRIDHAR RAJAN
KANAKLATA,1974,GHANASHYAM MAHAPATRA
KANALATTAM,1979,C. RADHAKRISHNAN
KANAVUMALAYILEKKU / TO THE DREAM MOUNTAIN,2002,M.G. SASI
KANCHAN GANGA,1954,MADHAV SHINDE
KANCHAN JUNGHA,1962,SATYAJIT RAY
KANCHAN SEETHA,1977,G. ARAVINDAN
KANCHER SWARGA,1962,YATRIK
KANDU KONDEN KANU KONDEN,2000,RAJIV MENON
KANKABATIR GHAT,1955,CHITTA BOSE
KANKANA,1974,V.R.K. PRASAD
KANKU,1969,KANTILAL RATHOD
KANNA TALLI,1953,K.S. PRAKASH RAO
KANNAGI,1942,M. SOMSUNDARAM & R.S. MANI
KANNAN VARUVAN,1970,I.N. MURTHY
KANNATHIL MUTHAMITTAL,2002,MANI RATNAM
KANNE PAPA,1969,P. MADHAVAN
KANNUM KARALUM,1962,K.S. SETHUMADHAVAN
KANOON,1960,B.R. CHOPRA
"KANOON (REEL NO. 5,8,9,11)",1943,A.R. KARDAR
KANTE KUTURNE KANU,1998,DASARI NARAYANA RAO
KAPPALOTIYA THAMIZHAN,1961,B.R. PANTHULU
KAPURUSH-O-MAHAPURUSH,1965,SATYAJIT RAY
KARAKANAKADAL,1971,K.S. SETHUMADHAVAN
KARNAN,1964,B.R. PANTHULU
KARPAGAM,1963,K.S. GOPALAKRISHNAN
KARTIKI,1974,DATTA MANE
KARUNAM / PATHOS,1999,JAYARAAJ
KARUTHA KAYI,1964,M. KRISHNAN NAIR
KARZ,1980,SUBHASH GHAI
KASAUTI,1974,ARAVIND SEN
KASAVUTHATTAM,1967,KUNCHAKO
KASBA,1990,KUMAR SHAHANI
KASHINATH,1943,NITIN BOSE
KASHMIR,1951,RAJINDERNATH JOLLY
KASHMIR KI KALI,1964,SHAKTI SAMANTA
KASTURI,1978,BIMAL DUTT
KASUMBI NO RANG,1977,G.K. MEHTA
KATHA,1982,SAI PARANJPE
KATHA DON GANAPATRAONCHI,1996,ARUN KHOPKAR
KATHA SANGAMA,1975,PUTTANA KANAGAL
KATHAK,1970,S. SUKHDEV
KATHAKALI,1959,MOHAN WADHWANI
KATHANAYAKUDU,1965,B.R. PANTHALU
KATHAPURUSHAN / MAN OF THE STORY,1996,ADOOR GOPALAKRISHNAN
KATHIRUNDA KANGAL,1962,T. PRAKASH RAO
KATI PATANG,1970,SHAKTI SAMANTA
KATTATHE KILIKOODU,1983,B.G. BHARATHAN
KATTU MANIA,1963,M. KRISHNAN NAIR
KAVALAI ILLATHA MANITHAN,1960,K. SHANKAR
KAVALAM CHUNDAN,1967,SASIKUMAR
KAVALKARAN,1967,P. NEELAKANTHAN
KAVI KALIDAS,1959,S.N. TRIPATHI
KAVYA MELA,1965,M. KRISHNAN NAIR
KAYAMKULAM KOCHUNNI,1966,P.A. THOMAS
KAYYUM THALAYUM PURATHIDARUTHU,1985,P. SHRIKUMAR
KAZHAKAM,1995,M.P. SUKUMARAN NAIR
KHAJURAHO FESTIVAL OF DANCE,1999,KAMAL SWAROOP
KHAMOSH,1985,VIDHU VINOD CHOPRA
KHAMOSHI,1971,ASIT SEN
KHANDAN,1942,SHAUKAT HUSSAIN RIZVI
KHANDHAR / THE RUINS,1983,MRINAL SEN
KHARIJ,1982,MRINAL SEN
KHATTA MEETHA,1977,BASU CHATTERJEE
KHAUFF,2000,SANJAY GUPTA
KHAYAL GATHA,1988,KUMAR SHAHANI
KHEL MUQADDAR KA,1980,VEERINDER
KHOTA PAISA,1958,M. SADIQ
KHOTE SIKKAY,1974,NARINDER BEDI & N.D. KOTHARI
KHUBSOORAT,2001,SANJAY CHHAIL
KICHU SMRUTHI KICHU ANUBATI,1988,MANMOHAN MAHAPATRA
KILADI RANGA,1966,G.V. IYER
KILIPPATTU,1985,A. RAGHAVAN
KINU GOYALAR GOLI,1964,O.C. GANGULY
KIREEDAM,1989,SIBI MALAYIL
KISMET,1943,GYAN MUKHERJEE
KIZHVANAM SIVAKKUM,1981,SRINIVASAN
KLANTA APARANHA,1984,MANMOHAN MAHAPATRA
KNOCK OF FATE,1942,B. MITRA
KOCHANIYAN,1994,SATISH VENGANOOR
KOCHU KOCHU SANTOSHANGAL,2000,SATHYAN ANTHIKKAD
KODIYETTAM,1977,ADOOR GOPALAKRISHNAN
KODUNGALLURAMMA,1968,KUNCHAKO
KOHINOOR,1960,S.U. SUNNY
KOHRAA,1964,BIREN NAG
KOKILA,1977,BALU MAHENDRA
KOLAHAL (THE TURMOIL),1988,BHABENDRANATH SAIKIA
KOLANGAL,1980,K.G. GEORGE
KOMAL GANDHAR,1961,RITWIK GHATAK
KONJUM SALANGAI,1962,M.V. RAMAN
KONNY,1984,SAROJ DE
KORA KAGAZ,1974,ANIL GANGULY
KRANTIVIR VASUDEV BALVANT PHADKE,1950,VISHRAM BEDEKAR
KRISHNA LEELA,1946,DEBAKI BOSE
KRISHNA SUDAMA,1936,PHANI BURMA
KRISHNA VIWAHA / SREE GANESH MAHIMA,1944,J.B.H. WADIA
KRISHNAGARADAI,1985,VIJAYA BAPINEEDU
KRISHNAKANTER WILL,1932,JYOTISH BANNERJEE
KSHN AALA BHAGYACHA,1962,DATTA DHARMADHIKARI
KSHUDISTA PASHAN / HUNGRY STONE,1960,TAPAN SINHA
KUBERACHE DHAN,1953,BALKRISHNA
KUDISAI,1979,JAIBHARATI
KUDUMBA TALAIVAN,1962,M.A. THIRUMAGAM
KUDUMBAM NAMMUKU SREEKOVIL,1978,T. HARIHARAN
KUHKHAL,1999,JOHAN BARAU
KULDAIWAT,1955,DINKAR D. PATIL
"KUMKUM THE DANCER (REEL NO. 1,3,9,",1940,MODHU BOSE
"KUMMATTY / BOGEYMAN, THE",1979,G. ARAVINDAN
KUNJALI MARAKKAR,1966,S.S. RAJAN
KUNKU,1937,V. SHANTARAM
KUNWARA BAAP,1974,MEHMOOD
KURAVANCHI,1960,A. KASILINGAM
KUTTIKKUPPAYAM,1964,M. KRISHNAN NAIR
KUZHANTHIYUM DAIVAMUM,1965,KRISHNAN & PANJU
KUZHANTHIYUM DEIVAMUM,1965,KRISHNAN & PANJU & JAWAR SEETARAMA
KYON?,2003,KALPANA LAJMI
LAADLA,1966,KRISHNAN & PANJU
LAAT SAHEB,1967,HARI WALIA
LADKI,1953,M.V. RAMAN
LAGNA PAHAVE KARUN,1940,MASTER VINAYAK
LAGNALA JATO MEE,1960,DATTA KULKARNI
LAILA MAJNU,1949,P.S. RAMAKRISHNA RAO
LAILA MAJUNU,1945,S. NAZIR & NAYYAR
LAJOO,1963,JUGAL KISHORE
LAJWANTI,1958,NARENDRA SURI
LAKHON KI BAAT,1984,BASU CHATTERJEE
LAKHTAR NI LADI NE VILAYAT NO VAR,1998,ARUN BHATT
LAKSHA HIRA,1956,CHITTARANJAN MAITRA
LAKSHMI NARAYAN,1951,NANABHAI BHATT
LAKSHMI VIJAYAM,1947,BOMAN IRANI
LAL HAVELI,1944,K.B. LALL
LAL PATTHAR,1971,SUSHIL MAJUMDAR
LALKAAR,1944,JAYANT DESAI
"LANDSCAPE, THE",2000,RAVI JADHAV
LANKA DAHAN,1917,D.G. PHALKE
LAPANDAV,1993,SHRAVANI DEODHAR
"LAST TRIP, THE",1998,VISHNU SONAWANE
LATENT,1970,B.R. CHOUDHURY
LAVKUSA,1963,C. PULLAIAH & C S RAO
LEKHAYUDE MARANAM ORU FLASHBACK / LEKHA'S DEATH,1983,K.G. GEORGE
"LIBERALISATION & ECONOMIC DEVELOPMENT, NEWS MAGAZINE 389",1999,U.B. MATHUR
LIFE,1969,S. GANGULI
LIFE / VAZHAKI,1949,M.V. RAMAN
LIGHT OF ASIA/PREM SANYAS,1925,FRANZ OSTEN
LIVES IN STORAGE,1943,G.R. SETHI
LOKAPRIYA,2000,ARUN KHOPKAR
LOST INNOCENCE,2001,SMITA KAPOOR & OTHERS
LOTI GHOTI,1966,BHUPAN HAZARIKA
LOUHA KAPAT,1957,TAPAN SINHA
LOVE IN SIMLA,1960,R.K. NAYYAR
LOVE IN TOKYO,1966,PRAMOD CHAKRABORTY
LOVING HEART / LAVANYA PREETI,1993,A.K. BIR
MAA,1952,BIMAL ROY
MAA-O-CHHELE,1954,GUNAMAYA BANNERJEE
MAABHOOMI,1979,GAUTAM GHOSE
MAAVOORI MONAGALLU,1972,VIJAY
MADARI,1959,BABUBHAI MISTRY
MADE IN INDIA,1942,EZRA MIR & SHIRAZ FARUKHI
MADHUMATI,1958,BIMAL ROY
MADINE KI GALIYA,1979,MERAJ ANSARI
"MADRAS GUARDS, THE",1942,WILLIAM J. MOYLAN
MADURAIYAI MEETTA SUNDARA PANDIAN,1977,M.G. RAMACHANDRAN
MAGIC-MAGIC,2002,JOSE
MAGUNIRA SHAGADA,2002,PRAFULLA MOHANTY
MAHAANADHI,1993,SANTHANA BHARATI
MAHABALIPURAM,1952,JAGAT MURARI
MAHABHARAT,1975,BABUBHAI MISTRY
MAHADIYA MANE,1970,C.V. SIVASHANKAR
MAHAKAVI KALIDASA,1955,K.R. SEETARAMA SASTRY
MAHAMANTRI TIMMARASU,1962,K. KAMESHWARA RAO
MAHANANDA,1984,K.G. KOREGAONKAR
MAHANANDA,1984,MOHAN KAVIA
MAHANE-MAHANE,2002,THAMARAI SENTHUR PANDY
MAHARANI YESUBAI,1954,BHALJI PENDHARKAR
MAHATMA,1953,DATTA DHARMADHIKARI
MAHATMA PHULE,1954,P.K. ATRE
MAHATMA-LIFE OF GANDHI 1869-1948,1949,VITHALBHAI JHAVERI
MAHATMA-LIFE OF GANDHI 1869-1948.P1,1949,VITHALBHAI JHAVERI
MAHATMA-LIFE OF GANDHI 1869-1948.P2,1968,VITHALBHAI JHAVERI
MAIKHANA,1967,KIDAR SHARMA
MAIN NASHE MEIN HOON,1959,NARESH SAIGAL
MAIN SHAADI KARNE CHALA,1962,ROOP K. SHOREY
MAIN ZINDA HOON,1988,SUDHIR MISHRA
MAINZ RAAT,1964,SHYAM & JAGIRAM PAUL
MAJHI PAHACHA,1987,MANMOHAN MAHAPATRA
MAK ARU MORAM,1957,NIP BARUA
MAKDEE,2002,VISHAL BHARADWAJ
MALAI ITTA MANGAI,1958,G.R. NATHAN
MALAIKALLAN,1954,S.M.S. NAIDU
MALAJANHA,1965,NITAI PALIT
MALAMUKALILE DAIVAM,1983,P.V. MENON
MALANA / IN SEARCH OF,1997,VIVEK MOHAN
MALAPILLA,1938,GUDAVALLI RAMABRAHMAM
MALAVPATI MUNJ,1976,RAVINDRA DAVE
MALAYADAAN,1971,AJOY KAR
MALHAR,1951,HARISH
MALKIN,1953,O.P. DUTTA
MALLI,1998,SANTOSH SIVAN
MALLI PELLI,1939,Y.V. RAO
MALLIKA SARABHAI,2000,ARUNA RAJE PATIL
MAMAN MAGAL,1955,R.S. MANI
MAMMO,1995,SHYAM BENEGAL
MAMTA,1973,NALIN DUARA
MAN IN SEARCH OF MAN,1974,PREM VAIDYA
MAN KI JEET,1944,W.Z. AHMED
MANADESAM,1949,L.V. PRASAD
MANAPPANDANAL,1961,V.N. REDDY
MANASA SAROVARA,1982,PUTTANA KANAGAL
MANASAROVAR,2003,ANUP KURIAN
MANCHALA,1953,JAYANT DESAI
MANDA MEYER UPAKHYAN / A TALE OF A NAUGHTY GIRL,2002,BUDDHADEB DASGUPTA
MANDARA PHU,1993,S.R. RAJAN BOPAIAH / DOLLY
MANDI,1983,SHYAM BENEGAL
MANE,1990,GIRISH KASARAVALLI
MANGALA,1950,S.S. VASAN
MANGALA GAURI,1953,T.R. SUNDARAM
MANGALFERA,1949,RATIBHAI PUNETAR
MANGAMMA,1997,T.V. CHANDRAN
MANGAMMA SAPATHAM,1943,T.G. RAGHAVACHARYA
MANGAYAR THILAKAM,1956,L.V. PRASAD
MANI OSAI,1963,P. MADHAVAN
MANICHITRA THAZHU,1993,FAZIL
MANIK RAITONG,1984,ARDHENDU BHATTACHARYA
MANIMUZHAKKUM,1976,P.A. BACKER
MANINI,1961,ANANT MANE
MANIRAM DEWAN,1963,S. CHAKRABORTY
MANJHLI DIDI,1969,HRISHIKESH MUKHERJEE
MANJIL VIRINJA POOKKAL,1980,FAZIL
MANNINAMAGA,1968,GEETHAPRIYA
MANNINTE MARIL,1979,P.A. BACKER
MANNU,1978,K.G. GEORGE
MANONMANI,1942,T.R. SUNDARAM
MANOOS,1939,V. SHANTARAM
MANSALA PANKH ASTAAT,1961,MADHAV SHINDE
MANTHAN,1976,SHYAM BENEGAL
MANTHIRI KUMARI,1950,ELIS R. DUNCAN & T.R.SUNDARAM
MANTHRAVADI,1956,P. SUBRAMANYAM
MANTRA SHAKTI,1954,CHITTA BOSE
MANU UNCLE,1988,DENNIS JOSEPH
MANVI NI BHAVAI,1993,UPENDRA TRIVEDI
MANZIL,1960,MANDI BURMAN
MARAGATHAM,1959,S.M.S. NAIDU
MARAM,1972,YUSUF ALI KACHHERI
MARANER PAREY,1954,SATISH DASGUPTA
MARATTAM,1988,G. ARAVINDAN
MARD MARATHA,1951,KESHAVRAO TALPADE
MARHI DA DEEVA,1989,SURINDER SINGH
MARMAYOGI,1951,K. RAMNOTH
MARO CHARITHRA,1978,K. BALCHANDER
MARTHAND VARMA,1931,P.V. RAO
MARUTIRTHA HINGLAJ,1959,BIKASH ROY
MARYADA,1971,ARAVIND SEN
MASOOM,1982,SHEKHAR KAPOOR
MASOOM,1960,SATYEN BOSE
MATAMGI MANIPUR,1972,DEB KUMAR BOSE
"MATCH FOR YOU, A",1942,EZRA MIR
MATHILUKAL,1989,ADOOR GOPALAKRISHNAN
MATHRU BHOOMI,1969,M.S. GOPINATH
MATI MANAS,1984,MANI KAUL
MATIR MANISHA,1966,MRINAL SEN
MATIRGHAR,1944,HARI BHANJA
MATTILO MANIKYAM,1971,B.V. PRASAD
MATWALI MEERA / MEERABAI,1940,PRAFULLA ROY & K. SHARMA
MAUJ,1943,B. BHATT & B. MISTRI
MAUSAM,1975,GULZAR
MAYA,1972,RAMU KARIAT
MAYA BAZAR,1984,BABUBHAI MISTRY
MAYA DARPAN,1972,KUMAR SHAHANI
MAYA KA JAL,1937,TULSI LAHIRI
MAYA MAHAL,1963,CHANDRAKANT
MAYA MEMSAAB,1992,KETAN MEHTA
MAYA MIRIGA,1985,NIRAD MOHAPATRA
MAYA MRIGA,1960,CHITTA BOSE
MAYAR SANSAR,1962,KANAK MUKHERJEE
MAYURI,1985,SINGEETHAM SRINIVAS RAO
MAZHA / THE RAIN,2000,LENIN RAJENDRAN
MAZHE BAL,1943,MASTER VINAYAK
MEE DARU SODLI,1950,BHALJI PENDHARKAR
MEE TULAS TUZYA ANGANI,1955,DATTA DHARMADHIKARI
MEENAMASATHILE SOORYAN,1987,LENIN RAJENDRAN
MEERA,1947,ELIS R. DUNCAN
MEERA,1979,S.S. GULZAR
MEERABAI,1947,NANABHAI BHATT
MEERABAI - TO BE CHECKED,1960,G. BANDYOPADHYAY
MEGH,1961,UTPAL DUTT
MEHARBAN,1967,A. BHIMSINGH
MEHNDI RANG LAGYO,1960,MANHAR RASKAPUR
MEHRBAN,1977,A. BHIMSINGH
MEMDIDI,1961,HRISHIKESH MUKHERJEE
MEN OF INDIA,1942,EZRA MIR
MERA LADKA,1938,K. NARAYAN KALE
MERA NAAM JOKAR,1970,RAJ KAPOOR
MERE ARMAN MERE SAPNE,1963,ARAVIND SEN
MERE JEEVAN SATHI,1972,RAVI NAGAICH
MERE LAL,1966,SATYEN BOSE
MERE MEHBOOB,1963,H.S. RAWAIL
MILAN,1946,NITIN BOSE
MILAN,1968,A. SUBBA RAO
MILI,1975,HRISHIKESH MUKHERJEE
MIMANGSHA - TO BE CHECKED,1953,SANJAY
MINORITIES IN INDIA,1997,HASSAN KUTTY
MIRCH MASALA / SPICES,1985,KETAN MEHTA
MIRZA GHALIB,1954,SOHRAB MODI
MIRZA SAHIBAN,1947,K. AMARNATH
MISS INDIA,1957,I.S. JOHAR
MISS LEELAVATHI,1965,M.R. VITTAL
MISS MALA,1954,JAYANT DESAI
MISS MARY,1957,L.V. PRASAD
MOHAN JOSHI HAJIR HO,1984,SAEED MIRZA
MOHINI,1948,LANKA SATHYAM
MOHINIATTAM,1976,SREEKUMARAN THAMPY
MOHITYANCHI MANJULA,1963,BHALJI PENDHARKAR
MOKSHA,1993,PANKAJ BHATIA
MONER MAYUR,1954,SUSHIL MAJUMDAR
MONIHARA (TEEN KANYA),1961,SATYAJIT RAY
MONPAS OF ARUNACHAL PRADESH,2001,ARIBAM SYAM SHARMA
MOOGANOMU,1969,YOGANAND
MOONDRAM PIRAI,1982,BALU MAHENDRA
MOORU DARIGALU,1981,GIRISH KASARAVALLI
MOTHER INDIA,1938,DADA GUNJAL
MOTHER INDIA,1957,MEHBOOB
MOTHI MANSE,1949,V. KULKARNI/V.CHAVAN
MOUNA RAGAM,1986,MANI RATHNAM
MOUNI,2003,B.S. LINGADEVARU
MOYNA TADANTA,1980,UTPALENDU CHAKRABORTY
MR. & MRS. IYER,2002,APARNA SEN
MR. SAMPAT,1952,S.S. VASAN
MRIG TRISHNA,1975,R.N. SHUKLA
MRIGAYA,1976,MRINAL SEN
MUDIALY EKTI BIKALPA PANTHA,1992,SAMIRAN DUTTA
MUDIYANAYA PUTHRAN,1961,RAMU KARIAT
MUGHAL-E-AZAM,1960,K. ASIF
MUJH SE DOSTI KAROGE,1992,GOPI DESAI
MUKHA MUKHAM,1984,ADOOR GOPALAKRISHNAN
MUKKAM POST DHEBEWADI,1969,MADHUKAR PATHAK
MUKTA,1994,JABBAR PATEL
MUKTI,1937,P.C. BARUA
MUKTI,1970,N. LAKSHMINARAYAN
MUMBAICHA JAVAI,1970,RAJA THAKUR
MUNNA,1954,K.A. ABBAS
MUNNABHAI M.B.B.S.,2003,RAJKUMAR HIRANI
MUNNUDI,2000,P. SHESHADRI
MUQABALA,1942,NANABHAI BHATT / B.MISTRI
MUQADDAR KA SIKANDAR,1978,PRAKASH MEHRA
MURAD,1961,NARI GHADIYALI
MURAPPENNU,1965,A. VINCENT
MURUGAN - GOD OF HILLS,1999,K. NARAYANAN
MUSAFIR,1957,HRISHIKESH MUKHERJEE
MUTHAL MARIYATHAI,1985,BHARATHIRAJAA
MUTHYALA MUGGU,1975,BAPU
MY SISTER,1944,HEMCHANDRA CHUNDER
MYSORE MALLIGE,1991,T.S. NAGABHUSHANA
NAA,1954,SRI TARA SHANKAR
NAAN PETRA SELVAM,1956,K. SOMU
NABAKA-LEBAR,1997,K.G. DAS
NADA MANNE NADA KOOLU,1971,S.R. RAJAN
NAGA MANDALA,1996,T.S. NAGABHARANA
NAGAN,1934,JYOTISH BANNERJEE
NAGARIK,1952,RITWIK GHATAK
NAGARJUNA,1961,Y.V. RAO
NAGINA,1951,RAVINDRA DAVE
NAGMATI,1983,GAUTAM CHATTOPADHYAY
NAGNA SATYAM,1979,U. VISHWESHWARA RAO
NAGULA CHAVITI,1956,CH. NARAYANAMURTHY
NAGUVA HOOVU,1970,R.N. KRISHNAPRASAD
NAIR PIDICHA PULIVALU,1958,P. BHASKARAN
NALLATHAMBI,1949,KRISHNAN & PANJU
NAMAK KI KANKARI,NA,IRSHAD PANJATAN
NAMMINABANTU,1960,A. SUBBA RAO
NAMOONA,1949,HIRA SINGH
NANAK NAAM JAHAZ HAI,1969,RAM MAHESHWARI
NANBA NANBA / FRIEND… DEAR FRIEND,2002,JAYA BHARATHY
NANDAN,1998,A.K. BIR
NANDANAR,1942,MURUGADASA
NANHE MUNNE,1952,DATTA DHARMADHIKARI
NANI GOPALER BIYE,1973,SUDHIR MUKHERJEE
NANUM ORU PENN,1962,A.C. TRILOGCHANDER
NARA NARAYAN,1939,JYOTISH BANNERJEE
NARAYAN GANGARAM SURVE,2002,ARUN KHOPKAR
NARTANASALA,1963,K. KAMESHWARA RAO
NASEEM,1995,SAEED AKHTAR MIRZA
NASTIK,1954,I.S. JOHAR
NATUN PATA,1969,DINEN GUPTA
NAU DO GYARAH,1957,VIJAY ANAND
NAUKAR,1943,SHAUKAT HUSSAIN RIZVI
NAUKARI,1954,BIMAL ROY
NAULAKHA HAAR,1953,B. SHUKLA & H.BHATT
NAVALKOLAM,1951,V. KRISHNAN
NAVARATHRI,1964,A.P. NAGARAJAN
NAVE BIRHAD,1953,RAM GABALE
NAVEENA VIKRAMADITHAN,1940,K.S. MANI
NAVJEEVAN,1939,FRANZ OSTEN
NAVRANG,1959,V. SHANTARAM
"NAXALITES, THE",1980,K.A. ABBAS
NAYA GHAR,1953,D.D. KASHYAP
NAYA RASTA,1953,JAYANT DESAI
NAYA ZAMANA,1981,PRAMOD CHAKRABORTY
NAYAK,1966,SATYAJIT RAY
NAYAKAN,1987,MANI RATHNAM
NAYEE PADOSAN,2003,B.H. TARUN KUMAR
NAZAR,1989,MANI KAUL
NAZRANA,1961,C.V. SRIDHAR
NEECHA NAGAR,1946,CHETAN ANAND
NEEL KAMAL,1947,KEDAR SHARMA
NEELAKUYIL,1954,P. BHASKARAN & RAMU KARIAT
NEEM ANNAPURNA,1979,BUDHADEV DASGUPTA
NEER KUMIZHI,1965,K. BALCHANDER
NEERAB JHADA,1984,MANMOHAN MAHAPATRA
NEITHUKARAN,2001,PRIYANANDAN
NEK PERVEEN,1946,S.M. YUSUF
NEKI AUR BADI,1949,KIDAR SHARMA
NENJATHAI KILLATHEY,1981,J. MAHENDRAN
NENJIL ORE ALAYAM,1962,C.V. SRIDHAR
NETAJI SUBHASH CHANDRA BOSE,NA,NA
NEW DELHI,1956,MOHAN SEHGAL
NEW DELHI TIMES,1985,RAMESH SHARMA
NEW LIFE OF DISPLACED PERSON,1957,PAUL ZILS
"NEWS MAGAZINE 363 - ""SWATANTRATA DIWAS - 1998""",1998,PRADEEP B. RAO
"NEWS MAGAZINE 435 - ""PATJHAR""",2000,GIRISH VAIDYA
"NEWS MAGAZINE 451 - ""MANIPUR""",2001,GIRISH VAIDYA
"NEWS MAGAZINE NO. 424 - ""VERMI CULTURE""",2000,A.R. SHARIEF
NEWS MAGAZINE NO. 427 : A WISH COME TRUE,2000,S. PATHAK & S. AMBERKAR
NIKAAH,1982,B.R. CHOPRA
NILAKAALAM,2000,A.R. GANDHIKRISHNA
NIMANTRAN,1971,TARUN MAJUMDAR
NINAMANINNYA KALAPADAKAL,1963,N.N. PISHAREDDY
NINE MONTHS TO FREEDOM,1972,S. SUKHDEV
NIRJAN SAIKATEY,1963,TAPAN SINHA
NIRMALA,1938,FRANZ OSTEN
"NIRMALAYAM / BLESSED OFFERING, THE",1973,M.T. VASUDEVAN NAIR
NIRUPAMA ANI PARIRANI,1961,VINAY KALE
NISHAN,1949,S.S. VASAN
NISHANT,1975,SHYAM BENEGAL
NISHKRITI,1953,PASHUPATI CHATTERJEE
NIZHAL NIJAMAKIRATHU,1978,K. BALCHANDER
NIZHALGAL,1980,BHARATHIRAJAA
NIZHALKUTHU,2002,ADOOR GOPALAKRISHNAN
NOKKETHA DHOORATHU KANNUM NATTU,1984,FAZIL
NYAY-ANYAY,1990,LAWRENEE D'SOUZA
O AMAR DESHER MATI,1958,PATHIKRIT
ODEYIL NINNU,1965,K.S. SETHUMADHAVAN
OKA OORIE KATHA,1977,MRINAL SEN
OLANGTHAGEE WANGMADASOO,1979,ARIBAM SYAM SHARMA
OLAVUM THERAVUM,1970,P.N. MENON
OM DARBDAR,1988,KAMAL SWAROOP
OM JAI JAGDISH,2002,ANUPAM KHER
ONDANONDU KALADALLI / ONCE UPON A TIME,1978,GIRISH KARNAD
ONE DAY,1965,PICHEL WYNN
OON PAOOS,1954,RAJA PARANJPE
OPAJA SONAR MATI,1972,BROJEN BARUA
OPPOL,1980,K.S. SETHUMADHAVAN
ORA THAKEY ODHARE,1954,SUKUMAR DASGUPTA
ORE IRAVU,1951,P. NEELAKANTHAN
ORIDATHORU PHAYALWAN,1981,P. PADMARAJAN
ORU CHERU PUNCHIRI,2000,M.T. VASUDEVAN NAIR
ORU INDHIYA KANAVU,1983,KOMAL SWAMINATHAN
ORU KANN ORU PAARVI / THRO' AN EYE DARKLY,1998,GNANA RAJASEKARAN
ORU NADIGAI NADAGAM PARIKIRAL,1978,A. BHIMSINGH
ORU PENNINDE KATHA,1971,K.S. SETHUMADHAVAN
ORU VADAKKAN VEERAGATHA,1989,T. HARIHARAN
"OUT CAST, THE",1943,MADHU BOSE
"OUT HOUSE, THE",1998,LESLIE CARVALHO
OVAL CROPS,1983,MOHI-UD-DIN-MIRZA
OVALANI,1954,ANANT MANE
PAAP-O-PAAPI,1956,BIJON SEN
PAAR,1984,GAUTAM GHOSH
PAAR MAGALE PAAR,1963,A. BHIMSINGH
PACHAI VILAKKU,1964,A. BHIMSINGH
PADAKOTTAI,1964,T. PRAKASH RAO
PADATHA PAINGILI,1957,P. SUBRAMANIAM
PADATIK,1973,MRINAL SEN
PADDY HIGH YIELDING VARIETIES,1966,KRISHNA KAPIL
PADITHAL MATTU POTHUMA,1962,A. BHIMSINGH
PADUKA PATTABHISHEKHAM,1936,MURUGADASAN / K. RAMNOTH
PADUNNA PUZHA,1968,M. KRISHNAN NAIR
PADUVARAHALLI PANDAVARU,1978,PUTTANA KANAGAL
PAGAL THAKUR,1966,HIRANMOY SEN
PAGE BY PAGE,1943,KRISHNA GOPAL
PAIGHAM,1959,S.S. VASAN
PAISA,1957,PRITHVIRAJ KAPOOR
PAISO BOLE CHHE,1977,RAVINDRA DAVE
PAKEEZAH,1971,KAMAL AMROHI
PALANKA,1975,RAJAN TARAFDAR
PALAY KHAN,1986,ASHIM SAMANTA
PALLAVI,1976,P. LANKESH
PALLE PADACHU,1974,K. SATYAM
PALLUM PAZHAMUM,1961,A. BHIMSINGH
PANAM PADAITHAVAN,1965,RAMANNA
PANCH PUTALIYAN / FIVE PUPPETS,1963,AMIL BOSE
PANCHAGNI,1986,T. HARIHARAN
PANCHARATHNA,1956,K. VEMBU
PANCHVATI,1986,BASU BHATTACHARYA
PANDANTI KAPURAM,1972,P. LAKSHMI DEEPAK
PANDAVAAS,2000,USHA GANESHRAJAH & VENKATESH BABU G.
PANDIT MOSHAI,1951,NARESH MITRA
PANDURANG MAHAATHYAM,1957,K. KAMESHWARA RAO
PANI TEERATHA VEEDU,1972,K.S. SETHUMADHAVAN
PANIMUDAKKU,1972,P.N. MENON
PANOI-JONGKI,2001,"MIGANG DILIP DOLEY, NARAYAN SEAL"
PAPA MAA PRANAM,1989,V. MADHUSUDANA RAO
PAPER WAR,1943,A.P. SINHA
PAPORI,1986,JAHNU BARUA
PARAKH,1960,BIMAL ROY
PARAKH,1944,SOHRAB MODI
PARAMANANDAYYA SISHYULU KATHA,1966,C. PULLAIAH
PARAMPARA,1992,YASH CHOPRA
PARAMPARA,1990,SIBI MALAYIL
PARASAKTHI,1952,KRISHNAN & PANJU
PARASHURAM,1980,MRINAL SEN
PARASHURAMER KUTHAR,1989,NABYENDU CHATTERJEE
PARDA,1949,A.G. SOORMA
PARDES,1950,M. SADIQ
PARIJATAK,1951,RAJA PARANJPE
PARINAY,1974,KANTILAL RATHOD
PARINDA,1989,VIDHU VINOD CHOPRA
PARINDE,1945,P.K. ATRE
PARINEETA,1953,BIMAL ROY
PARIVAR,1956,ASIT SEN
PAROMA,1985,APARNA SEN
PAROMA,1985,APARNA SEN
PAROMITAAR EK DIN / HOUSE OF MEMORIES,1999,APARNA SEN
PAROPKARAM,1953,KAMAL GHOSH
PARTHAL PASI THEERUM,1962,A. BHIMSINGH
PARTHIBAN KANAVU,1960,D. YOGANAND
PARTY,1984,GOVIND NIHALANI
PARVARISH,1958,S. BANNERJEE
PARWANA,1947,J.K. NANDA
PASAMALAR,1961,A. BHIMSINGH
PATANG,1994,GOUTAM GHOSE
PATANGA,1949,H.S. RAWAIL
PATHER PANCHALI / SONG OF THE LITTLE ROAD,1955,SATYAJIT RAY
PATHIK / LATE SHRI. KAKASAHEB GADGIL,1988,JABBAR PATEL
PATHLAAG,1964,RAJA PARANJPE
PATI BHAKTI,1968,A. BHIMSINGH
PATI PATNI AUR WOH,1978,B.R. CHOPRA
PATITA,1980,PRAMOD CHAKRABORTY
PATLA TAR VHAY MNANA,1973,PRABHAKAR NAYAK
PATRANI,1956,VIJAY BHATT
PATTIKADA PATTANAMA,1972,P. MADHAVAN
PAVAI VILAKKHU,1960,K. SOMU
PAVALAKKODI,1949,K. SUBRAMANYAM
PAVITRA PAPI,1970,RAJENDRA BHATIA
PAYING GUEST,1957,SUBODH MUKHERJEE
PEDGAONCHE SHAHANE,1952,RAJA PARANJPE
PEHLI JHALAK,1954,M.V. RAMAN
PEHLI NAZAR,1945,MAZHAR KHAN
PELLINATI PRAMANULU,1958,K.V. REDDY
PENN,1953,M.V. RAMAN
PENNE NEE VAZHGAI,1967,P. MADHAVAN
PERCY,1989,PARVEZ MERVANJI
PERUVAZHIYAMBALAM,1979,PADMARAJAN
PESTONJEE,1988,VIJAYA MEHTA
PHAGUN,1958,BIBHUTI MITRA
PHAGUN,1973,RAJENDRA SINGH BEDI
PHANDE BAAZ,1978,SAMIR GANGULY
PHANIYAMMA,1982,PREMA KARANTH
PHATIKCHAND,1983,SANDIP RAY
PHERA,1986,BUDHADEV DASGUPTA
PHIR BHI,1971,SHIVENDRA SINHA
PHIR BHI DIL HAIN HINDUSTANI,2000,AZIZ MIRZA
PHIR WOHI DIL LAYA HOON,1963,NASIR HUSSAIN
PHOOL,1944,K. ASIF
PHOOL AUR KALIYAN,1960,RAM GABALE
PHOOL AUR KANTE,1991,KUKU KOHLI
PHOOLON KE HAAR,1951,G.P. PAWAR
PICK POCKET,1962,RAJESH NANDA
PIKOO,1980,SATYAJIT RAY
PINJAR,2003,DR. CHANDRAPRAKASH DWIVEDI
PINJRA,1972,V. SHANTARAM
"PINK CAMEL, THE",2002,GANGULY
PIRAVI,1988,SHAJI N. KARUN
PITAH,2002,MAHESH MANJREKAR
PITCHI PULLAIAHA,1953,T. PRAKASA RAO
PITRU CHAYYA,1991,SAUDAMINI
POCKET MAAR,1956,H.S. RAWAIL
POKHI,1999,JAHNU BARUA
POKKUVEYIL,1981,G. ARAVINDAN
POLICE KARAN MAGAL,1962,C.V. SRIDHAR
PONDS CULTURE,1960,N.K. ISSAR
PONGA PANDIT,1975,PRAYAG RAJ
PONKATHIR,1953,E.R. COOPER
PONNI,1953,A.S.A. SAMI / C.S. RAO
PONNU VILAYUM BHOOMI,1959,A. BHIMSINGH
PONTHAN MAADA,1994,T.V. CHANDRAN
POOJA KE PHOOL,1964,A. BHIMSINGH
POOJAKKEDUKATHA POOKKAL,1977,N. SHANKARAN NAIR
POOVA THALAIYA,1969,K. BALACHANDER
PORTRAIT OF A CITY,1961,CHIDANAND DAS GUPTA
PORTRAIT OF A POSTMAN,1961,GOVIND SARAIYYA
POSTMASTER (TEEN KANYA),1961,SATYAJIT RAY
POWER TO THE PEOPLE,1972,SHYAM BENEGAL
PRADESI RE,2002,KEWAL KRISHNA
PRAHLADA,1939,BALKRISHNA NARAYAN RAO
PRALHAD,1952,PHANI BURMA
PRASHNA,1955,CHANDRASHEKHAR BOSE
PRATIBHA,1937,BABURAO PAINTER
PRATIDWANDI,1970,SATYAJIT RAY
PRATIKAR,1944,CHHABI BISWAS
PRAVAAHA,2003,P.R. RAMDASS NAIDU
PRAYANAM,1975,B.G. BHARATHAN
"PREM KAHANI (EXCEPT R.NO. 6,8 & 10)",1937,FRANZ OSTEN
PREM PATRA,1962,BIMAL ROY
PREM ROG,1982,RAJ KAPOOR
PREMNAGAR,1940,M. BHAVNANI
PRINCE,1969,LEKH TONDON
PRISONERS OF CONSCIENCE,1978,ANAND PATWARDHAN
PRITHVIRAJAN,1942,B. SAMPATHKUMAR
PRIYA,1970,MADHU
PROFESSOR,1962,LEKH TANDON
PROHOR / IN COURSE OF TIME,2002,SUBHADRO CHOUDHURY
PROVASH MILAN,1937,PHANI BARMA
PUDHCHA PAOOL,1986,RAJ DUTT
PUDHIYA PATHAI,1989,R. PARTHIBAN
PUKAAR,2000,RAJKUMAR SANTOSHI
PUNAR MILAN,1959,RAVINDRA DAVE
PUNARJANMAM,1972,K.S. SETHUMADHAVAN
PUNARJANMAM,1961,C.V. SRIDHAR
PUNASCHA PARBA,1983,SIDDHARTH DUTT
PUNAVECHI RAAT,1955,ANANT MANE
PUNNAGAI,1971,K. BALCHANDER
PUNNAPRA VYALAR,1968,KUNCHAKO
PURNIMA,1965,NARENDRA SURI
PURUSHARTHAM,1987,K.R. MOHANAN
PUSHPAK VIMANA / PUSHPAK,1987,SINGEETHAM SRINIVAS RAO
PUTALAGHAR,1975,SAMARENDRA NARAYAN DEB
PUTHIYA AKSHAM PUTHIYA BHOOMI,1962,M.S. MANI
PUTHIYA VARPUGAL,1979,BHARATHIRAJAA
PUTRAVATI,1996,BHASKAR JADHAV
PYAAS / APNA GHAR APNI KAHANI,1968,PHANI MAJUMDAR
PYAR KE DO PAL,1986,RAJIV MEHRA
PYAR KIYA TO DARANA KYA,1963,B.S. RANGA
PYASE PANCHHI,1961,HARSUKH BHATT
QAIDI NO. 911,1959,ASPI IRANI
QAYAMAT SE QAYAMAT TAK,1988,MANSOOR KHAN
RAAKH,1988,ADITYA BHATTACHARYA
RAAKHI,1949,SHANTI KUMAR
RAAT AUR DIN,1967,SATYEN BOSE
RABINDRANATH,1953,NA
RABINDRANATH TAGORE,1961,SATYAJIT RAY
RACHANA,1983,MOHAN
RAGINI,1945,SHANKAR MEHTA
RAHGIR,1969,TARUN MAJUMDAR
RAHI,1952,K.A. ABBAS
RAIKAMAL,1955,SUBODH MITRA
RAILWAY PLATFORM,1955,RAMESH SAIGAL
RAJ TILAK,1958,S.S. VASAN
RAJA GOPICHAND,1938,BHALJI PENDHARKAR
RAJA PARVAI,1981,SINGEETHAM SRINIVAS RAO
RAJA RAJESWARI,1944,M.L. TANDON
RAJA RAM MOHAN,1965,BIJOY BASU
RAJALAKSHMI-O-SHRIKANTA,1958,HARIDAS BHATTACHARYA
RAJANIGANDHA,1974,BASU CHATTERJEE
RAJDROHI,1966,NIREN LAHIRI
RAJKUMAR,1964,K. SHANKAR
RAJKUMARI - TO BE CHECKED,1953,T.R. RAGHUNATH
RAJPATH,1956,GUNAMAYA BANNERJEE
RAJPUT RAMANI,1936,K. DHAIBER
RAJU AUR GANGARAM / THE BOY & THE PARROT,1964,OMI BEDI
RAJU AUR GANGARAM / THE BOY & THE PARROT,1972,EZRA MIR
RAKTHA PASAM,1954,R.S.MANI
RAKTHA THILAKAM,1963,DADA MIRASI
RAM BHAKTA HANUMAN,1951,HOMI WADIA
RAM PRASAD,1947,DEBNARAYAN GUPTA
RAM RAJYA,1943,VIJAY BHATT
RAM RAM PAVHANA,1950,DINKAR D. PATIL
RAM TERI GANGA MAILI,1985,RAJ KAPOOR
RAMAN ETHANAI RAMANADI,1970,P. MADHAVAN
RAMAYAN,1954,VIJAY BHATT
RAMAYANA,1934,SUDARSHAN & PRAFULLA ROY
RAMAYANAM,1997,GUNA SEKHAR
RAMBAAN,1948,VIJAY BHATT
RAMBAYIN KADHAL,1939,B.N. RAO
RAMDHAKKA - TO BE CHECKED,1979 ?,CHITRASATHI ?
RAMRAJYA,1943,VIJAY BHATT
RAMSHASTRI,1944,GAJANAN JAGIRDAR
RAMU,1966,A.C. TRILOGCHANDER
RAMU,1966,A.C. TRILOGCHANDER
RANDIDANGAZHI,1958,P. SUBRAMANYAM
RANGA POLICE,1958,NIP BARUA
RANGALYA RATRI ASHYA,1962,RAJA THAKUR
RANGEELA,1995,RAM GOPAL VARMA
RANGULA RATNAM,1966,B.N. REDDY
RAPE IN THE VIRGIN FOREST / HAGRANAYAOJI,1995,JWNGDAO BODOSA
RASAYATRA (THE TRAVELLING SONG),1996,NANDAN KUDHYADI
RASIKAPRIYA,2000,ARUN KHOPKAR
RATNAGIRI RAHASYA,1957,B.R. PANTHALU
RAWAT NRITYA MOHOTSAV,NA,NA
RAZIA SULTAN,1961,DEVENDRA
"RECLUSE, THE",1992,ARVIND SINHA
REFUGEE,2000,J.P. DUTTA
RELAR ALIR DUBARI BON,1992,PULAK GOGOI
REMEMBARANCE,2001,RAJGOPAL RAO
RENDEZVOUS,1965,RITWIK GHATAK / R.N.SHUKLA
RENUKA,1947,RAMESH SAIGAL
RESHAMA AUR SHERA,1971,SUNIL DUTT
RETURN OF TOOFAN MAIL,1942,ASPI
RIKTA,1939,SUSHIL MAJUMDAR
ROHINI,1953,KAMAL GHOSH
ROJA,1992,MANI RATHNAM
ROJULU MARAYI,1955,TAPI CHANAKYA
ROMANCING THE STONE,1999,SAMIRAN DUTTA
ROOM NUMBER NINE,1946,VEDI
ROTI,1942,MEHBOOB KHAN
RUDALI,1992,KALPANA LAJMI
RUDRAKSH,2003,MANI SHANKER
RUDRAVEENA,1988,K. BALCHANDER
RUI KA BOJH,1997,SUBHASH AGARWAL
RUKMANI KALYANAM - TO BE CHECKED,1937,VIBHUTI DAS
RUKMAVATI KI HAVELI,1991,GOVIND NIHALANI
RUKMINI,1988,K.P. KUMARAN
RUKMINI HARAN / aka RUKMINI KALYANAM - TO BE CHECKED,1937,VIBHUTI DAS
RUNAMUKTHALU,1984,PUTTANA KANAGAL
RUPKONWAR JYOTIPRASAD ARU JOYMOTI,1976,BHUPEN HAZARIKA
RUSHYA SHRINGA,1976,V.R.K. PRASAD
RUSTOM SOHRAB,1963,VISHRAM BEDEKAR
SAAGAR,1985,RAMESH SIPPY
SAAMNA,1975,JABBAR PATEL
SAARANSH,1984,MAHESH BHATT
SAAT HINDUSTANI,1969,K.A. ABBAS
SAAT PAKEY BANDHA,1963,AJOY KAR
SAAZ,1996,SAI PARANJPE
SABHAPATI,1941,A.V. MEIYAPPAN & A.T.K.SWAMI
SACHCHA JHUTHA,1970,MANMOHAN DESAI
SADAK,1991,MAHESH BHATT
SADGATI,1981,SATYAJIT RAY
SADHANA,1964,PRABHAT MUKHERJEE
SADHANA,1958,B.R. CHOPRA
SADHI MANASA,1965,BHALJI PENDHARKAR
SADHVI MEERABAI,1937,BABURAO PAINTER
SAFAR,1970,ASIT SEN
SAFED HATHI,1977,TAPAN SINHA
SAFED JHOOTH,1977,BASU CHATERJEE
SAGA OF SERVICE,1960,DILIP JAMDAR
SAGAAI,1951,H.S. RAWAIL
SAGAR SANGAMEY,1959,DEBAKI BOSE
SAGARA SANGAMAM,1983,K. VISHWANATH
SAGARIKA,1956,AGRAGAMI
SAHELI,1965,ARJUN HINGORANI
SAHIB BIBI AUR GHULAM,1962,ABRAR ALVI
SAIYAN,1951,M. SADIQ
SAKHYA SAJANA,1972,GOVIND KULKARNI
SAKKUBAI,1934,SUNDERRAO NADKARNI
SALAAM BOMBAY,1988,MIRA NAIR
SALIM LANGADE PE MAT RO,1989,SAEED AKHTAR MIRZA
SALONI,1952,J.P. ADVANI
SALVAGE,1943,KENNETH VILLIERS
SAMAANTHARANGAL,1997,S. BALACHANDRA MENON
SAMADHAAN OR SAVADHAN - TO BE CHECKED,1954,DATTA DHARMADHIKARI
SAMADHAN,1943,PREMENDRA MITRA
SAMANDARAM,1985,JOHN SHANKARAMANGALAM
SAMAPTI (TEEN KANYA),1961,SATYAJIT RAY
SAMAY,2003,RUBY GREWAL
SAMAY BADA BALWAN,1969,SOHRAB MODI
"SAMAYIKI NO. 44 (DURGAPUR,ALL INDIA...)",1959,NA
SAMAYIKI NO. 46,1959,NA
SAMAYIKI NO. 47,1959,NA
SAMPOORNA RAMAYANAM,1936,NAGABHUSHANA / S.B.NARAYANA
SAMPOORNA RAMAYANAM,1958,K. SOMU
SAMSARAM,1948,B. CHAVAN & VIMAL KUMAR
SAMSARAM,1951,CHANDRU
SAMSKARA,1970,T. PATTABHI RAMMA REDDY
SANABI,1995,ARIBAM SYAM SHARMA
SANAKEITHEL,1983,M.A. SINGH
SANCHARI,1991,ARUN KHOPKAR
SANDESH,1952,BAL GAJBAR
SANDHYA RAAG,1977,BHABENDRANATH SAIKIA
SANDHYA RAGA,1966,A.C.N. MURTHY / S.K. BHAGAWAN
SANDHYA RAGAM,1989,BALU MAHENDRA
SANGAM,1964,RAJ KAPOOR
SANGAM - TO BE CHECKED,1954,A.V. RAMAN
SANGDIL,1952,R.C. TALWAR
SANGEETHA,1981,CHANDRASEKHAR KAMBAR
SANGHAGANAM,1979,P.A. BACKER
SANGTYE AIKA,1959,ANANT MANE
SANJOG,1943,A.R. KARDAR
SANKOCH,1976,ANIL GANGULY
SANSAR,1951,S.S. VASAN
SANT DNYANESHWAR,1940,DAMLE & FATTELAL
SANT JANABAI,1949,GOVIND GHANEKAR
SANT KANHOPATRA,1950,D.S. AMBAPKAR
SANT NIVRUTTI DNYANDEV,1964,MADHUKAR PATHAK
SANT RAMDAS,1949,RAJA NENE
SANT TUKARAM,1963,SUNDERRAO NADKARNI
SANTH VAHATE KRISHNAMAI,1967,MADHUKAR PATHAK
SAPNE SAAJAN KE,1992,LAWRENEE D'SOUZA
SAPTAPADI,1961,AJOY KAR
SAPTAPADI,1981,K. VISHWANATH
SAQI,1952,H.S. RAWAIL
SARA AKASH,1969,BASU CHATTERJEE
SARA JAHAN HAMARA,1961,PRAKASH CHABRA
SARASWATICHANDRA,1968,GOVIND SARAIYYA
SARDAR,1993,KETAN MEHTA
SARFAROSH,1999,MATHEW MATTHAN
SARHAD,1960,SHANKAR MUKERJI
SAROTHI / THE SHELTER,1991,BHABENDRANATH SAIKIA
SARPAKADU,1965,J.D. THOTTAN
SARVASAKSHI,1979,RAMDAS PHUTANE
SASTRAM JAYICHU MANUSHYAN THOTTU,1973,A.B. RAJ
SASURAL,1961,T. PRAKASH RAO
SASURVASHEEN,1978,BABASAHEB S. FATEHLAL
SATAJANMACHA SOBTI,1959,ANANT MANE
SATHYA SHODHANAI,1953,H.L.N. SINHA
SATI,1989,APARNA SEN
SATI ANSUYA,1956,DHIRUBHAI DESAI
SATI MADALASA,1984,GIRISH MANUKANT
SATI SAKKUBAI,1954,K. NAGABHUSHANAM
SATI SUKANYA,1942,T.R. SUNDARAM
SATI SULOCHANA,1934,P. SAMBANDAM MUDALIAR
SATYA HARISCHANDRA,1965,HUNSUR KRISHNAMURTHY
SATYAJIT RAY,1984,SHYAM BENEGAL
SATYAKAM,1969,HRISHIKESH MUKHERJEE
SATYAM SHIVAM SUNDARAM,1978,RAJ KAPOOR
SAUBHAGYAVATI,1957,JAMPANA
SAUDAGAR,1991,SUBHASH GHAI
SAUTELA BHAI,1962,MAHESH KAUL
SAVAL MAZA AIKA,1964,ANANT MANE
SAVERA,1942,VIRENDRA DESAI
SAVITHRI,1961,PHANI MUJUMDAR
SAWAN AYA RE,1949,KISHOR SAHU
SAWAN KI GHATA,1976,SHAKTI SAMANTA
SAWAT MAZI LAADKI,1993,SMITA TALWALKAR
SAYAHNAM,2000,R. SARATH
SAYANAM,2000,M.P. SUKUMARAN NAIR
SAYYAD WARRIS SHAH,1980,SEWAK / R.K.SHARMA
SAZAA,1951,FALI MISTRY
SCHOOL MASTER,1958,B.R. PANTHULU
SCROLL PAINTERS,1988,RAJAN MITRA
SEEDHA RASTA,1947,VASANT PAINTER
SEEMABADDHA,1971,SATYAJIT RAY
SEETA RAATI,1982,MANMOHAN MAHAPATRA
SEETA VANVAS,1949,PRANBHAI JANI
SEETHAKOKA CHILAKA,1981,BHARATHIRAJAA
SEETHARAMA KALYANAM,1961,N.T. RAMA RAO
SERVER SUNDARAM,1964,KRISHNAN & PANJU
SHAADI KA LADDOO,2004,RAJ KAUSHAL
SHABAB,1954,M. SADIQ
SHABASH RAJA,1961,P.S. RAMAKRISHNA RAO
SHABASH RAMUDU,1959,C.S. RAO
SHABISTAN,1951,B. MITRA
SHABNAM,1949,B. MITRA
SHAHAR THEKE DOORAY,1943,SAILAJANANDA MUKHERJEE
SHAHEED,1965,RAM SHARMA
SHAHEED,1948,RAMESH SAIGAL
SHAHER AUR SAPNA,1963,K.A. ABBAS
SHAHER SE DOOR,1946,B. MEHRA
SHAIR,1949,CHAWLA
SHAKHA PROSHAKHA,1990,SATYAJIT RAY
SHAKUNTALA,1941,JYOTISH BANNERJEE
SHAMA,1946,KEEKA/MAJID/KHAMBATA
SHAMA PARWANA,1954,D.D. KASHYAP
SHANKARABHARANAM,1979,K. VISHWANATH
SHANKHA NADA,1986,UMESH KULKARNI
SHANTATA! COURT CHALU AAHE,1971,SATYADEV DUBE
SHANTHAM,2000,JAYARAAJ
SHAPIT,1982,RAJ DUTT / ARAVIND DESHPANDE
SHAPMUKTI,1940,P.C. BARUA
SHAQUE,1976,ARUNA RAJE & VIKAS DESAI
SHARADA,1962,K.S. GOPALAKRISHNAN
SHARADA,1973,K. VISHWANATH
SHARAPANJARA,1972,S.R. PUTTANA KANAGAL
SHARARAT,1959,H.S. RAWAIL
SHART,1969,KEWAL MISHRA
SHART,1986,KETAN ANAND
SHASINATH,1937,G. BANDHOPADHYAY & K. ROY
SHATRANJ KE KHILARI,1977,SATYAJIT RAY
SHEIK CHINNA MOULANA,1999,KULDEEP SINHA
SHEJARI,1941,V. SHANTARAM
SHER DIL,1954,BOMAN SHROFF
SHESH THEKE SURU,1969,CHITRASATHI
SHESH UTTAR,1942,P.C. BARUA
SHESHA SHRABANA,1975,PRASHANTA KUMAR
SHESHAM,2001,T.K. RAJIV KUMAR
SHESHER KABITA,1954,MADHU BOSE
SHIKAR,1968,ATMARAM
SHIKARI,1966,MOHD. HUSSAIN - TO BE CHECKED
SHILANGANACHE SONE,1949,BHALJI PENDHARKAR
SHIRAZ,1928,FRANZ OSTEN
SHIRDI CHE SHRI SAIBABA,1955,KUMARSEN SAMARTH
SHIV KANYA,1954,DHIRUBHAI DESAI
SHIV RATRI,1954,JAYANT DESAI
SHIVA RAMOSHI,1951,K.P. BHAVE
SHODH,1979,BIPLAB ROY CHAUDHURY
SHOKHIYAN,1951,KIDAR SHARMA
SHOLA AUR SHABNAM,1992,DAVID DHAWAN
SHREEMAN FANTOOSH,1965,SHANTILAL SONI
SHRI 420,1955,RAJ KAPOOR
SHRI GURUVAYOORAPPAN,1964,S. RAMANATHAN
SHRI JAGANNATH,1950,CHITTARANJAN MITRA
SHRI KRISHNA JANMA,1917,D.G. PHALKE
SHRI LOKNATH,1960,PRAFULLA SENGUPTA
SHRI NARAYANA GURU,1985,P.A. BACKER
SHRI RADHA,1941,JYOTISH BANNERJEE
SHRI RAMA PATTABHISHEKHAM,1962,P. SUBRAMANYAM / G.K.RAMAN
SHRI RAMANJANEYA YUDH,1963,M.S. NAYAK
SHRI TULSIDAS,1950,HIREN BOSE
SHRI VALLI,1945,A.V. MEIYAPPAN
SHRIBASTA CHINTA,1955,PHANI BURMA
SHRIMAN SATYAWADI,1960,S.M. ABBAS
SHUBH DIN,1974,P. THYAGARAJAN
SHUBHO MUHURAT,2002,RITUPARNO GHOSH
SHUK RAMBHA,1953,DHIRUBHAI DESAI
SHWET PATHORNER THALA,1992,PRABHAT ROY
SHYAMALACHECHI,1965,P. BHASKARAN
SHYAMOLI,1956,BINOY BANNERJEE
SIDDHESHWARI,1989,MANI KAUL
SIGAPPU ROJAKKAL,1978,BHARATHIRAJAA
SIKANDAR,1976,SAI PARANJPE
SIKANDAR-E-AZAM,1965,KEDAR KAPOOR
SINDHU BHAIRAVI,1985,K. BALCHANDER
SINDOOR,1987,K. RAVI SHANKAR
SINGAPORE,1960,SHAKTI SAMANTA
SINGARAVVA,2002,T.S. NAGABHARANA
SINGARI,1951,T.R. RAGHUNATH
SINHASAN,1979,JABBAR PATEL
SINHASTA MELA,1921,D.G. PHALKE
SIR,1993,MAHESH BHATT
SISTER / BAHEN,1940,MEHBOOB KHAN
SITARA,1939,EZRA MIR
SITARA,1984,VAMSY
SIXTY SEVEN N.S.KRISHNAN PART-II,1977,A. BHIMSINGH
SNAPAKA YOHANNAM,1963,P. SUBRAMANYAM
SNEHA SEEMA,1954,S.S. RAJAN
SNIP!,2000,SUNHIL SIPPY
SON OF INDIA,1962,MEHBOOB KHAN
SONA,1948,MAZHAR KHAN
SONAR KELLA,1974,SATYAJIT RAY
SONGADYA,1971,GOVIND KULKARNI
SOOPANAM,1993,JAYARAAJ
SOORAT AUR SEERAT,1962,R. BAHL
SOORAVALLI,1981,NIMAI GHOSH
SOUDA,1997,NABYENDU CHATTERJEE
SPIRIT OF THE LOOM,1954,V.R. SHARMA
SREEKOVIL,1962,S. RAMANATHAN / P.A.THOMAS
SRI KANAKA MAHALAXMI RECORDING DANCE TRIP,1988,VAMSY
SRIVENKATESHWARA MAHATYAM (BALAJI),1960,P. PULLAIAH
STATION MASTER,1942,CHIMANLAL LUHAR
STATUS QUO,1999,JOSHY JOSEPH
STHANARTHI SARAMMA,1966,K.G. SETHUMADHAVAN
STICH IN TIME,1943,BHASKAR RAO
STOCK SHOTS 1931-42,NA,NA
STORM OVER KASHMIR,1948,B.D. GARGA
STORY OF DR. KARVE,1958,RAM GABALE
"STORY OF TRIUMPH, A",1991,VISHRAM RAVANKAR
STREE JANMA HI TUZI KAHANI,1952,DATTA DHARMADHIKARI
STREER PATRA,1972,PURENDU PATTREA
STREET SINGER,1968,SIDHARTH
STREET SINGER,1966,CHANDRASHEKAR
STRINGS FOR THE FREEDOM,1998,SANDEEP SEN & GAUTAM HALDAR
STUMBLE,2002,PRAKASH BELAWADI
SU-RAAJ,1987,TANVIR AHMED
SUBHASHCHANDRA,1966,PIYUSH BOSE
SUDAMYACHE POHE,1958,K. DHAIBER
SUDARSHAN,1951,S. NADKARNI / A.S.A.SAMI
SUDIGUNDALU,1967,A. SUBBA RAO
SUHAG,1979,MANMOHAN DESAI
SUHAG RAAT,1948,KIDAR SHARMA
SUJATA,1959,BIMAL ROY
SUKANYA SAVITRI,1922,KANJIBHAI RATHOD
SUKHI JEEVAN,1942,HARISCHANDRA & MASTER BHAGWAN
SUKRUTHAM,1994,HARIKUMAR
SUMATI,1942,K. NAGABHUSHANAM
SUNEHERE DIN,1949,SATISH NIGAM
SURAJ KA SATVAN GHODA,1993,SHYAM BENEGAL
SURYODAYA,1989,GAGANVIHARI BORATE
SUSMAN,1986,SHYAM BENEGAL
SUTLEJ DE KANDE,1964,PADAM MAHESHWARI
SWAMI,1977,BASU CHATTERJEE
SWAMI,1987,SHANKAR NAG
SWAPNA SUNDARI,1950,G. BALARAMAIAH
SWAPNADANAM,1975,K.G. GEORGE
SWARAJYA / THE LITTLE REPUBLIC,2002,ANWAR JAMAL
SWARAJYACHA SHILEDAR,1951,MASTER VITHAL
SWARALIPI,1961,ASIT SEN
SWAROOPAM,1992,K.R. MOHANAN
SWATI,1984,KRANTHI KUMAR
SWATI MUTHYAM,1985,K. VISHWANATH
SWAYAMVARAM,1972,ADOOR GOPALAKRISHNAN
SYMPHONY OF LIFE,1959,V. SHANTARAM
SYMPHONY OF SEASONS,1962,V. SHIRALI
TABARNA KATHE,1986,GIRISH KASARAVALLI
TABBALIYU NEENADE MAGANE,1977,B.V. KARANTH & GIRISH KARNAD
TADBEER,1945,JAYANT DESAI
TAI SAHEBA,1997,GIRISH KASARAVALLI
TAI TELEEN,1953,K.P. BHAVE / ANTO NARHARI
TALAQ,1958,MAHESH KAUL
TALKIE OF TALKIES,1937,SISIR BHADURI
TAMAS,1987,GOVIND NIHALANI
TAMBDI MATI,1969,BHALJI PENDHARKAR
TAPASYA,1975,ANIL GANGULI
TARANA,1951,RAM DARYANI
TARANG,1984,KUMAR SHAHANI
TARPAN / THE ABSOLUTION,1994,K. BIKRAM SINGH
TATHAPI,1950,MANOJ BHATTACHARYA
TATVA / ESSENCE,1995,SAGARI CHHABRA
TEEJAN BAI / EK PANDVANI GAYIKA,2002,V. PACKRISAMI
TEEN MULE,1954,BABURAO GOKHALE & BAL SARAF
TEEN USTADD,1961,NANABHAI BHATT
TEERTHAYAATRA,1972,A. VINCENT
TEESRI KASAM,1966,BASU BHATTACHARYA
TEESRI MANZIL,1966,VIJAY ANAND
TEN O'CLOCK,1958,JUGAL KISHORE
TENALI RAMAN,1956,B.S RANGA
TERE GHAR KE SAMNE,1963,VIJAY ANAND
TERO NADIR PAREY,1961,BARIN SAHA
THACHOLI OTHENAN,1964,S.S. RAJAN
THAIKUPPIN THARAM,1956,M.A. THIRUMUGAM
THAMPU,1978,G. ARAVINDAN
THANGA PADAKKAM,1974,P. MADHAVAN
THANGAPATHUMAI,1959,A.S.A. SAMI
THANNEER THANNEER,1981,K. BALCHANDER
THARTHARAT,1989,MAHESH KOTHARE
THASKARA VEERAN,1958,S.M. SREERAMULU NAIDU
THEVAR MAGAN,1992,B.G. BHARATHAM
THILADANAM,2002,K.N.T. SASTRY
THILLANA MOHANAMBAL,1968,A.P. NAGARAJAN
THINKALAZHA NALLA DIVASAM,1985,P. PADMARAJAN
THIRAMALA,1953,VIMAL KUMAR / P.R.S. PILLAY
THIRUDA THIRUDA,1993,MANI RATHNAM
THIRUMAZHISSAI ALWAR,1948,B.S. KOTNIS / P.S.CHETTIAR
THIRUMBI PAAR,1953,T.R. SUNDARAM
THIRUNEELAKANTAR,1972,JAMBULINGAM
THIS MY LAND,1971,N.S. THAPPA
THODASA RUMANI HO JAYE,1990,AMOL PALEKAR
THOOKU THOOKI,1954,R.M. KRISHNASWAMY
THOUGHTS IN A MUSEUM,1968,S. SUKHDEV
THREE MARATEES,1946,G. BALARAMAIAH
THROW OF DICE / PRAPANCHA PASH,1929,FRANZ OSTEN
THULABHARANAM,1968,A. VINCENT
THUNDER OF FREEDOM,1976,S. SUKHDEV
THURAKATHA VATHIL,1970,P. BHASKARAN
THYAGAYYA,1981,BAPU
TIGRESS,1948,K. TALPADE
"TIME TO RISE, A",1981,ANAND PATWARDHAN
TIRANGA,1993,MEHUL KUMAR
TRAIN TO PAKISTAN,1995,PAMELA ROOKS
"TRAIN, THE",1970,RAVEE NAGAICH
TRANSATLANTIC AIRPORT,1945,MICHAEL GORDON
TREASURE IN THE SNOW / A FILM ON SIKKIM,2002,GOUTAM GHOSH
TRIBAL WOMEN ARTIST,NA,BRAJ BHUSHAN
TRIKAAL,1985,SHYAM BENEGAL
TRIP TO THE MOON,1963,T.P. SUNDARAM
TRISHAGNI,1988,NABYENDU GHOSH
TRISHNA,1978,ANIL GANGULI
"TRIVENI OF FAITH MAHAKUTUMB MELA 2001, NEWS MAGAZINE 446",2001,AKHILESH GOORHA
TU TITHE MEE,1999,SANJAY SURKAR
TUKARAM,1921,D.G. PHALKE
TYAGA PATRA,1978,RAMESH GUPTA
UDAYAR PATHEY,1944,BIMAL ROY
UDHIRI POOKAL,1979,J. MAHENDRAN
UJALA,1959,NARESH SAIGAL
ULLAASAM,1997,J.D. JERRY
ULTHORATH CHATURTHA JANMA.....,1956,NA
UMAJ PADEL TAR,1960,DINKAR D. PATIL
UMANG,1970,ATMARAM
UMBARTHA,1981,JABBAR PATEL
UMBRELLA,1969,B.R.S. SHENDGE
UMMAADI KUTUMBAM,1967,D. YOGANANDA
UMMINITHANKA,1961,G. VISHWANATH
UMRAO JAAN,1981,MUZAFFAR ALI
UNCLE BUN,1991,BHADRAN
UNISHE APRIL,1996,RITUPARNO GHOSH
UNNIYARCHA,1961,KUNCHAKO
UPKAAR,1967,MANOJ KUMAR
UPPU,1986,V.K. PAVITHRAN
USKI ROTI,1969,MANI KAUL
UTHAMA PUTHRAN,1940,T.R. SUNDARAM
UTSAB,2000,RHITUPARNO GHOSH
UTSAV,1984,GIRISH KARNAD
UTTAR FALGUNI,1963,ASIT SEN
UTTARAYANAM,1974,G. ARAVINDAN
UTTORAN,1993,SANDIP RAY
UYARNTHA MANITHAN,1968,KRISHNAN & PANJU
UYYALE,1969,N. LAKSHMINARAYAN
VACHAN,1938,FRANZ OSTEN
VAHINICHYA BANGDYA,1953,SHANTARAM ATHAVALE
VAMAN AVTAR,1955,RAMAN B. DESAI
VAMSHA VRIKSHA,1971,B.V. KARANTH & GIRISH KARNAD
"VANISHING TRICK, THE",1942,MADHU BOSE
VANJIKOTTAI VALIBAN,1958,S.S. VASAN
VARAKATNAM,1968,N.T. RAMARAO
VARHADI AANI VAJANTRI,1973,RAJ DUTT
VARSA LAXMICHA,1994,MADHUKAR PATHAK
VARUMAIYIN NIRUM SIGAPPU,1980,K. BALCHANDER
VASANTSENA,1941,RAMAYYAR SIRUR
VASTHUHARA,1990,G. ARAVINDAN
VASUNDHARA,1984,SHEKHAR CHATTERJEE
VAVTAL,1965,SHANTARAM ATHAVALE
VAZHVE MAYAM,1970,K.S. SETHUMADHAVAN
VEDHAM PUDITHU,1987,BHARATHIRAJAA
VEDIC MATHEMATICS,2000,"K. JAGAJIVANRAM, F.D."
VEEDU,1987,BALU MAHENDRA
VEENDUM PRABHATAM,1973,P. BHASKARAN
VEER ABHIMANYU,1965,V. MADHUSUDHANA RAO
VEER GHATOATKACH / SUREKHA HARAN,1949,NANABHAI BHATT
VEER JAGADISHA,1938,V.S. TALKIES
VEER RAJPUTANI,1955,J.B.H. WADIA
VEER SAVARKAR,1982,NAVAL MATHUR
VEERA KESARI,1975,B. VITHALACHARYA
VEERAPANDIYA KATTABOMAN,1959,B.R. PANTHULU
VEGULI PENN,1971,S.S. DEVADAS
VELAIKKARI,1949,A.S.A. SAMI
VELLIYAZHCHA,1969,M.M. NESAN
VELUTHAMPI DALAVA,1962,VISHWANATHAN / S.S.RAJAN
VEMBANAD,1990,SIVAPRASAD
VENKALAM,1992,BHARATHAN
VIDA PARAYUM MUNPE,1981,MOHAN
VIDHEYAN,1993,ADOOR GOPALAKRISHNAN
VIDYA,1948,GIRISH TRIVEDI
VIDYARTHIKALE ITHILE ITHILE,1971,JOHN ABRAHAM
VIETNAM VEEDU,1970,P. MADHAVAN
VIJAYASIMHA,1965,B. VITTALACHARYA
VILLAGE IN TRAVANCORE,1956,FALI BILLIMORIA
VILLAGE SMILES,1971,S. SUKHDEV
VINASHAK,1998,RAVI DEVAN
VINAYA SAMAYA,1991,SHANKAR GOPE
VIPRANARAYANA,1954,P.S. RAMAKRISHNA RAO
VISHWAS,1943,HOMI WADIA
VITHAL RAKHUMAI,1951,YESHWANT PETHKAR
VIVEKANAND CENTENARY CELEBRATION,1966,NA
VOICE OF THE PEOPLE,1942,EZRA MIR
VOICES FROM BALIAPAL,1988,"VASUDHA JOSHI, RANJAN PALIT"
VOORUMMADI BATHUKULU,1976,B.S. NARAYANA
WANGALA-AGARO FESTIVAL,1992,BAPPA RAY
WAPAS,1943,HEMCHANDRA CHUNDER
WAQT,1975,YASH CHOPRA
WATAN,1938,MEHBOOB KHAN
WATER,1968,FALI BILLIMORIA
WAVES OF REVOLUTION,1975,ANAND PATWARDHAN
WE TWO / NAM IRUVAR,1947,A.V. MEIYAPPAN
WEARIN THE FACE,2000,JOSHY JOSEPH
WEAVE ME SOME FLOWERS,1969,P.B. PENDHARKAR
WHIRLWIND / VANTOLIO,1933,J.B.H. WADIA
WOH CHHOKRI,1993,SHUBHANKAR GHOSH
WOH DIN AAYEGAA,1986,SATYEN BOSE
WOH KAUN THI,1964,RAJ KHOSLA
WOMEN OF INDIA,1942,A. BHASKAR RAO
WOSOBIPO,1989,GAUTAM BORA
YA MALAK,1964,NANDU KHOTE
YAADEIN,1964,SUNIL DUTT
YAADON KI BARAAT,1973,NASIR HUSSAIN
YAAR GADDAR,1994,UMESH MEHRA
YAGAM,1980,SIVAN
YAHUDI,1958,BIMAL ROY
YAIRIPOK THAMBALNU,1984,BANKA
YAKSHI,1968,K.S. SETHUMADHAVAN
YARUKAKA AZHUDAN,1966,JAYAKANTAM
YAVANIKA,1982,K.G. GEORGE
YEH KUIN,1970,RITWIK GHATAK
YEH WOH MANZIL TO NAHIN,1986,SUDHIR MISHRA
YOU WHO NEVER ARRIVED / AUR KAHEEN,1999,PUTUL MAHMOOD
ZAKHMEE,1975,RAJA THAKUR
ZAMIN,1943,ANAND KUMAR
ZANJEER,1973,PRAKASH MEHRA
ZAPATLELA,1993,MAHESH KOTHARE
ZEVAR,1987,BASU CHATTERJEE
ZIDDI,1964,PRAMOD CHAKRABARTY
ZINDAGI,1964,RAMANAND SAGAR
ZINDAGI ZINDAGI,1972,TAPAN SINHA
ZUBEIDA,2000,SHYAM BENEGAL
